Index,True Label,Extracted
0,,
1,,
2,,
3,,
4,,
5,,
6,,
7,,
8,,
9,,
10,,
11,,
12,,
13,,
14,,
15,,
16,,
17,,
18,,
19,,
20,,
21,,
22,,
23,,
24,,
25,,
26,,
27,,
28,,
29,,
30,,
31,,
32,,
33,,
34,,
35,,
36,,
37,,
38,,
39,,
40,,
41,,
42,,
43,,
44,,
45,,
46,,
47,,
48,,
49,,
50,,
51,,
52,,
53,,
54,,
55,,
56,,
57,,
58,,
59,,
60,,
61,,
62,,
63,,
64,,
65,,
66,,
67,,
68,,
69,,
70,,
71,,
72,,
73,,
74,,
75,,
76,,
77,,
78,,
79,,
80,,
81,,
82,,
83,,
84,,
85,,
86,,
87,,
88,,
89,,
90,,
91,,
92,,
93,,
94,,
95,,
96,,
97,,
98,,
99,,
100,,
101,,
102,,
103,,
104,,
105,,
106,,
107,,
108,,
109,,
110,,
111,,
112,,
113,,
114,,
115,,
116,,
117,,
118,,
119,,
120,,
121,,
122,,
123,,
124,,
125,,
126,,
127,,
128,,
129,,
130,,
131,,
132,,
133,,
134,,
135,,
136,,
137,,
138,,
139,,
140,,
141,,
142,,
143,,
144,,
145,,
146,,
147,,
148,,
149,,
150,,
151,,
152,,
153,,
154,,
155,,
156,,
157,,
158,,
159,,
160,,
161,,
162,,
163,,
164,,
165,,
166,,
167,,
168,,
169,,
170,,
171,,
172,,
173,,
174,,
175,,
176,,
177,,
178,,
179,,
180,,
181,,
182,,
183,,
184,,
185,,
186,,
187,,
188,,
189,,
190,,
191,,
192,,
193,,
194,,
195,,
196,,
197,,
198,,
199,,
200,,
201,,
202,,
203,,
204,,
205,,
206,,
207,,
208,,
209,,
210,,
211,,
212,,
213,,
214,,
215,,
216,,
217,,
218,,
219,,
220,,
221,,
222,,
223,,
224,,
225,,
226,,
227,,
228,,
229,,
230,,
231,,
232,,
233,,
234,,
235,,
236,,
237,,
238,,
239,,
240,,
241,,
242,,
243,,
244,,
245,,
246,,
247,,
248,,
249,,
250,,
251,,
252,,
253,,
254,,
255,,
256,,
257,,
258,,
259,,
260,,
261,,
262,,
263,,
264,,
265,,
266,,
267,,
268,,
269,,
270,,
271,,
272,,
273,,
274,,
275,,
276,,
277,,
278,,
279,,
280,,
281,,
282,,
283,,
284,,
285,,
286,,
287,,
288,,
289,,
290,,
291,,
292,,
293,,
294,,
295,,
296,,
297,,
298,,
299,,
300,,
301,,
302,,
303,,
304,,
305,,
306,,
307,,
308,,
309,,
310,,
311,,
312,,
313,,
314,,
315,,
316,,
317,,
318,,
319,,
320,,
321,,
322,,
323,,
324,,
325,,
326,,
327,,
328,,
329,,
330,,
331,,
332,,
333,,
334,,
335,,
336,,
337,,
338,,
339,,
340,,
341,,
342,,
343,,
344,,
345,,
346,,
347,,
348,,
349,,
350,,
351,,
352,,
353,,
354,,
355,,
356,,
357,,
358,,
359,,
360,,
361,,
362,,
363,,
364,,
365,,
366,,
367,,
368,,
369,,
370,,
371,,
372,,
373,,
374,,
375,,
376,,
377,,
378,,
379,,
380,,
381,,
382,,
383,,
384,,
385,,
386,,
387,,
388,,
389,,
390,,
391,,
392,,
393,,
394,,
395,,
396,,
397,,
398,,
399,,
400,,
401,,
402,,
403,,
404,,
405,,
406,,
407,,
408,,
409,,
410,,
411,,
412,,
413,,
414,,
415,,
416,,
417,,
418,,
419,,
420,,
421,,
422,,
423,,
424,,
425,,
426,,
427,,
428,,
429,,
430,,
431,,
432,,
433,,
434,,
435,,
436,,
437,,
438,,
439,,
440,,
441,,
442,,
443,,
444,,
445,,
446,,
447,,
448,,
449,,
450,,
451,,
452,,
453,,
454,,
455,,
456,,
457,,
458,,
459,,
460,,
461,,
462,,
463,,
464,,
465,,
466,,
467,,
468,,
469,,
470,,
471,,
472,,
473,,
474,,
475,,
476,,
477,,
478,,
479,,
480,,
481,,
482,,
483,,
484,,
485,,
486,,
487,,
488,,
489,,
490,,
491,heart activity,
492,heart activity,
493,heart activity,
494,heart activity,
495,heart activity,
496,heart activity,
497,heart activity,
498,heart activity,
499,heart activity,
500,heart activity,
501,heart activity,
502,heart activity,
503,heart activity,
504,heart activity,
505,heart activity,
506,heart activity,
507,heart activity,
508,heart activity,
509,heart activity,
510,heart activity,
511,heart activity,
512,heart activity,
513,heart activity,
514,heart activity,
515,heart activity,
516,heart activity,
517,heart activity,
518,heart activity,
519,heart activity,
520,heart activity,
521,,
522,,
523,,
524,,
525,,
526,,
527,,
528,,
529,,
530,,
531,,
532,,
533,,
534,,
535,,
536,,
537,,
538,,
539,,
540,,
541,,
542,,
543,,
544,,
545,,
546,,
547,,
548,,
549,,
550,,
551,,
552,,
553,,
554,,
555,,
556,,
557,,
558,,
559,,
560,,
561,,
562,,
563,,
564,,
565,,
566,,
567,,
568,,
569,,
570,,
571,,
572,,
573,,
574,,
575,,
576,,
577,,
578,,
579,,
580,,
581,,
582,,
583,,
584,,
585,,
586,,
587,,
588,,
589,,
590,,
591,,
592,,
593,,
594,,
595,,
596,,
597,,
598,,
599,,
600,,
601,,
602,,
603,transventricular plane head circumference,
604,transventricular plane head circumference,
605,transventricular plane head circumference,
606,transventricular plane head circumference,
607,transventricular plane head circumference,
608,transventricular plane head circumference,
609,transventricular plane head circumference,
610,transventricular plane head circumference,
611,transventricular plane head circumference,
612,transventricular plane head circumference,
613,transventricular plane head circumference,
614,transventricular plane head circumference,
615,transventricular plane head circumference,
616,transventricular plane head circumference,
617,transventricular plane head circumference,
618,transventricular plane head circumference,
619,transventricular plane head circumference,
620,transventricular plane head circumference,
621,transventricular plane head circumference,
622,transventricular plane head circumference,
623,transventricular plane head circumference,
624,transventricular plane head circumference,
625,transventricular plane head circumference,
626,transventricular plane head circumference,
627,transventricular plane head circumference,
628,transventricular plane head circumference,
629,transventricular plane head circumference,
630,transventricular plane head circumference,
631,transventricular plane head circumference,
632,transventricular plane head circumference,
633,,
634,,
635,,
636,,
637,,
638,,
639,,
640,,
641,,
642,,
643,,
644,,
645,,
646,,
647,,
648,,
649,,
650,,
651,,
652,,
653,,
654,,
655,,
656,,
657,,
658,,
659,,
660,,
661,,
662,,
663,,
664,,
665,,
666,,
667,,
668,,
669,,
670,,
671,,
672,,
673,,
674,,
675,,
676,,
677,,
678,,
679,,
680,,
681,,
682,,
683,,
684,,
685,,
686,,
687,,
688,,
689,,
690,,
691,,
692,,
693,,
694,,
695,,
696,,
697,,
698,,
699,,
700,,
701,,
702,,
703,,
704,,
705,,
706,,
707,,
708,,
709,,
710,,
711,,
712,,
713,,
714,,
715,,
716,,
717,,
718,,
719,,
720,,
721,,
722,,
723,,
724,,
725,,
726,,
727,,
728,,
729,,
730,,
731,,
732,,
733,,
734,,
735,,
736,,
737,,
738,,
739,,
740,,
741,,
742,,
743,,
744,,
745,,
746,,
747,,
748,,
749,,
750,,
751,,
752,,
753,,
754,,
755,,
756,,
757,,
758,,
759,,
760,,
761,,
762,,
763,,
764,,
765,,
766,,
767,,
768,,
769,,
770,,
771,,
772,,
773,,
774,,
775,,
776,,
777,,
778,,
779,,
780,,
781,,
782,,
783,,
784,,
785,,
786,,
787,,
788,,
789,,
790,,
791,,
792,,
793,,
794,,
795,,
796,,
797,,
798,,
799,,
800,,
801,,
802,,
803,,
804,,
805,,
806,,
807,,
808,,
809,,
810,,
811,,
812,,
813,cerebellum,
814,cerebellum,
815,cerebellum,
816,cerebellum,
817,cerebellum,
818,cerebellum,
819,cerebellum,
820,cerebellum,
821,cerebellum,
822,cerebellum,
823,cerebellum,
824,cerebellum,
825,cerebellum,
826,cerebellum,
827,cerebellum,
828,cerebellum,
829,cerebellum,
830,cerebellum,
831,cerebellum,
832,cerebellum,
833,cerebellum,
834,cerebellum,
835,cerebellum,
836,cerebellum,
837,cerebellum,
838,cerebellum,
839,cerebellum,
840,cerebellum,
841,cerebellum,
842,cerebellum,
843,,
844,,
845,,
846,,
847,,
848,,
849,,
850,,
851,,
852,,
853,,
854,,
855,,
856,,
857,,
858,,
859,,
860,,
861,,
862,,
863,,
864,,
865,,
866,,
867,,
868,,
869,,
870,,
871,,
872,,
873,,
874,,
875,,
876,,
877,,
878,,
879,,
880,,
881,,
882,,
883,,
884,,
885,,
886,,
887,,
888,,
889,,
890,,
891,,
892,,
893,,
894,,
895,,
896,,
897,,
898,,
899,,
900,,
901,,
902,,
903,,
904,,
905,,
906,,
907,,
908,,
909,,
910,,
911,,
912,,
913,,
914,,
915,,
916,,
917,,
918,,
919,,
920,,
921,,
922,,
923,,
924,,
925,,
926,,
927,,
928,,
929,,
930,,
931,,
932,,
933,,
934,,
935,,
936,,
937,,
938,,
939,,
940,,
941,,
942,,
943,,
944,,
945,,
946,,
947,,
948,,
949,,
950,,
951,,
952,,
953,,
954,,
955,,
956,,
957,,
958,,
959,,
960,,
961,,
962,,
963,,
964,,
965,,
966,,
967,,
968,,
969,,
970,,
971,,
972,,
973,,
974,,
975,,
976,,
977,,
978,,
979,cerebellum,
980,cerebellum,
981,cerebellum,
982,cerebellum,
983,cerebellum,
984,cerebellum,
985,cerebellum,
986,cerebellum,
987,cerebellum,
988,cerebellum,
989,cerebellum,
990,cerebellum,
991,cerebellum,
992,cerebellum,
993,cerebellum,
994,cerebellum,
995,cerebellum,
996,cerebellum,
997,cerebellum,
998,cerebellum,
999,cerebellum,
1000,cerebellum,
1001,cerebellum,
1002,cerebellum,
1003,cerebellum,
1004,cerebellum,
1005,cerebellum,
1006,cerebellum,
1007,cerebellum,
1008,cerebellum,
1009,,
1010,,
1011,,
1012,,
1013,,
1014,,
1015,,
1016,,
1017,,
1018,,
1019,,
1020,,
1021,,
1022,,
1023,,
1024,,
1025,,
1026,,
1027,,
1028,,
1029,,
1030,,
1031,,
1032,,
1033,,
1034,,
1035,,
1036,,
1037,,
1038,,
1039,,
1040,,
1041,,
1042,,
1043,,
1044,,
1045,,
1046,,
1047,,
1048,,
1049,,
1050,,
1051,,
1052,,
1053,,
1054,,
1055,,
1056,,
1057,,
1058,,
1059,,
1060,,
1061,,
1062,,
1063,,
1064,,
1065,,
1066,,
1067,,
1068,,
1069,,
1070,,
1071,,
1072,,
1073,,
1074,,
1075,,
1076,,
1077,,
1078,,
1079,,
1080,,
1081,,
1082,,
1083,,
1084,,
1085,,
1086,,
1087,,
1088,,
1089,,
1090,,
1091,,
1092,,
1093,,
1094,,
1095,,
1096,,
1097,,
1098,,
1099,,
1100,,
1101,,
1102,,
1103,,
1104,,
1105,,
1106,,
1107,,
1108,,
1109,,
1110,,
1111,,
1112,,
1113,,
1114,,
1115,,
1116,,
1117,,
1118,,
1119,,
1120,,
1121,,
1122,,
1123,,
1124,,
1125,,
1126,,
1127,,
1128,,
1129,,
1130,,
1131,,
1132,,
1133,,
1134,,
1135,,
1136,,
1137,,
1138,,
1139,,
1140,,
1141,,
1142,,
1143,,
1144,,
1145,,
1146,,
1147,,
1148,,
1149,,
1150,,
1151,,
1152,,
1153,,
1154,,
1155,,
1156,three vessels view,
1157,three vessels view,
1158,three vessels view,
1159,three vessels view,
1160,three vessels view,
1161,three vessels view,
1162,three vessels view,
1163,three vessels view,
1164,three vessels view,
1165,three vessels view,
1166,three vessels view,
1167,three vessels view,
1168,three vessels view,
1169,three vessels view,
1170,three vessels view,
1171,three vessels view,
1172,three vessels view,
1173,three vessels view,
1174,three vessels view,
1175,three vessels view,
1176,three vessels view,
1177,three vessels view,
1178,three vessels view,
1179,three vessels view,
1180,three vessels view,
1181,three vessels view,
1182,three vessels view,
1183,three vessels view,
1184,three vessels view,
1185,three vessels view,
1186,,
1187,,
1188,left outflow tract,
1189,left outflow tract,
1190,left outflow tract,
1191,left outflow tract,
1192,left outflow tract,
1193,left outflow tract,
1194,left outflow tract,
1195,left outflow tract,
1196,left outflow tract,
1197,left outflow tract,
1198,left outflow tract,
1199,left outflow tract,
1200,left outflow tract,
1201,left outflow tract,
1202,left outflow tract,
1203,left outflow tract,
1204,left outflow tract,
1205,left outflow tract,
1206,left outflow tract,
1207,left outflow tract,
1208,left outflow tract,
1209,left outflow tract,
1210,left outflow tract,
1211,left outflow tract,
1212,left outflow tract,
1213,left outflow tract,
1214,left outflow tract,
1215,left outflow tract,
1216,left outflow tract,
1217,left outflow tract,
1218,,
1219,,
1220,,
1221,,
1222,,
1223,,
1224,,
1225,,
1226,,
1227,,
1228,,
1229,,
1230,,
1231,,
1232,,
1233,,
1234,,
1235,,
1236,,
1237,,
1238,,
1239,,
1240,,
1241,,
1242,,
1243,,
1244,,
1245,,
1246,,
1247,,
1248,,
1249,,
1250,,
1251,,
1252,,
1253,,
1254,,
1255,,
1256,,
1257,,
1258,,
1259,,
1260,,
1261,,
1262,,
1263,,
1264,,
1265,,
1266,,
1267,,
1268,,
1269,,
1270,,
1271,,
1272,,
1273,left outflow tract,
1274,left outflow tract,
1275,left outflow tract,
1276,left outflow tract,
1277,left outflow tract,
1278,left outflow tract,
1279,left outflow tract,
1280,left outflow tract,
1281,left outflow tract,
1282,left outflow tract,
1283,left outflow tract,
1284,left outflow tract,
1285,left outflow tract,
1286,left outflow tract,
1287,left outflow tract,
1288,left outflow tract,
1289,left outflow tract,
1290,left outflow tract,
1291,left outflow tract,
1292,left outflow tract,
1293,left outflow tract,
1294,left outflow tract,
1295,left outflow tract,
1296,left outflow tract,
1297,left outflow tract,
1298,left outflow tract,
1299,left outflow tract,
1300,left outflow tract,
1301,left outflow tract,
1302,left outflow tract,
1303,,
1304,,
1305,,
1306,,
1307,,
1308,,
1309,,
1310,,
1311,,
1312,,
1313,,
1314,,
1315,,
1316,,
1317,,
1318,,
1319,,
1320,,
1321,,
1322,pulmonary artery doppler,
1323,pulmonary artery doppler,
1324,pulmonary artery doppler,
1325,pulmonary artery doppler,
1326,pulmonary artery doppler,
1327,pulmonary artery doppler,
1328,pulmonary artery doppler,
1329,pulmonary artery doppler,
1330,pulmonary artery doppler,
1331,pulmonary artery doppler,
1332,pulmonary artery doppler,
1333,pulmonary artery doppler,
1334,pulmonary artery doppler,
1335,pulmonary artery doppler,
1336,pulmonary artery doppler,
1337,pulmonary artery doppler,
1338,pulmonary artery doppler,
1339,pulmonary artery doppler,
1340,pulmonary artery doppler,
1341,pulmonary artery doppler,
1342,pulmonary artery doppler,
1343,pulmonary artery doppler,
1344,pulmonary artery doppler,
1345,pulmonary artery doppler,
1346,pulmonary artery doppler,
1347,pulmonary artery doppler,
1348,pulmonary artery doppler,
1349,pulmonary artery doppler,
1350,pulmonary artery doppler,
1351,pulmonary artery doppler,
1352,,
1353,,
1354,,
1355,three vessels view,
1356,three vessels view,
1357,three vessels view,
1358,three vessels view,
1359,three vessels view,
1360,three vessels view,
1361,three vessels view,
1362,three vessels view,
1363,three vessels view,
1364,three vessels view,
1365,three vessels view,
1366,three vessels view,
1367,three vessels view,
1368,three vessels view,
1369,three vessels view,
1370,three vessels view,
1371,three vessels view,
1372,three vessels view,
1373,three vessels view,
1374,three vessels view,
1375,three vessels view,
1376,three vessels view,
1377,three vessels view,
1378,three vessels view,
1379,three vessels view,
1380,three vessels view,
1381,three vessels view,
1382,three vessels view,
1383,three vessels view,
1384,three vessels view,
1385,4 chambers view doppler,
1386,4 chambers view doppler,
1387,4 chambers view doppler,
1388,4 chambers view doppler,
1389,4 chambers view doppler,
1390,4 chambers view doppler,
1391,4 chambers view doppler,
1392,4 chambers view doppler,
1393,4 chambers view doppler,
1394,4 chambers view doppler,
1395,4 chambers view doppler,
1396,4 chambers view doppler,
1397,4 chambers view doppler,
1398,4 chambers view doppler,
1399,4 chambers view doppler,
1400,4 chambers view doppler,
1401,4 chambers view doppler,
1402,4 chambers view doppler,
1403,4 chambers view doppler,
1404,4 chambers view doppler,
1405,4 chambers view doppler,
1406,4 chambers view doppler,
1407,4 chambers view doppler,
1408,4 chambers view doppler,
1409,4 chambers view doppler,
1410,4 chambers view doppler,
1411,4 chambers view doppler,
1412,4 chambers view doppler,
1413,4 chambers view doppler,
1414,4 chambers view doppler,
1415,,
1416,,
1417,,
1418,,
1419,,
1420,,
1421,,
1422,,
1423,,
1424,,
1425,,
1426,,
1427,,
1428,,
1429,,
1430,,
1431,,
1432,,
1433,,
1434,,
1435,,
1436,,
1437,,
1438,,
1439,,
1440,,
1441,,
1442,,
1443,,
1444,,
1445,,
1446,,
1447,,
1448,,
1449,,
1450,,
1451,,
1452,,
1453,,
1454,left outflow tract,
1455,left outflow tract,
1456,left outflow tract,
1457,left outflow tract,
1458,left outflow tract,
1459,left outflow tract,
1460,left outflow tract,
1461,left outflow tract,
1462,left outflow tract,
1463,left outflow tract,
1464,left outflow tract,
1465,left outflow tract,
1466,left outflow tract,
1467,left outflow tract,
1468,left outflow tract,
1469,left outflow tract,
1470,left outflow tract,
1471,left outflow tract,
1472,left outflow tract,
1473,left outflow tract,
1474,left outflow tract,
1475,left outflow tract,
1476,left outflow tract,
1477,left outflow tract,
1478,left outflow tract,
1479,left outflow tract,
1480,left outflow tract,
1481,left outflow tract,
1482,leipar,
1483,leipar,
1484,,
1485,,
1486,,
1487,,
1488,,
1489,,
1490,,
1491,,
1492,,
1493,,
1494,,
1495,,
1496,,
1497,,
1498,,
1499,,
1500,,
1501,,
1502,,
1503,,
1504,,
1505,,
1506,,
1507,,
1508,,
1509,,
1510,,
1511,,
1512,three vessels view,
1513,three vessels view,
1514,three vessels view,
1515,three vessels view,
1516,three vessels view,
1517,three vessels view,
1518,three vessels view,
1519,three vessels view,
1520,three vessels view,
1521,three vessels view,
1522,three vessels view,
1523,three vessels view,
1524,three vessels view,
1525,three vessels view,
1526,three vessels view,
1527,three vessels view,
1528,three vessels view,
1529,three vessels view,
1530,three vessels view,
1531,three vessels view,
1532,three vessels view,
1533,three vessels view,
1534,three vessels view,
1535,three vessels view,
1536,three vessels view,
1537,three vessels view,
1538,three vessels view,
1539,three vessels view,
1540,three vessels view,
1541,three vessels view,
1542,three vessels view,
1543,three vessels view,
1544,three vessels view,
1545,three vessels view,
1546,three vessels view,
1547,three vessels view,
1548,three vessels view,
1549,three vessels view,
1550,three vessels view,
1551,three vessels view,
1552,three vessels view,
1553,three vessels view,
1554,three vessels view,
1555,three vessels view,
1556,three vessels view,
1557,,
1558,,
1559,,
1560,,
1561,,
1562,,
1563,,
1564,,
1565,,
1566,,
1567,,
1568,,
1569,,
1570,,
1571,,
1572,,
1573,,
1574,,
1575,,
1576,,
1577,,
1578,,
1579,,
1580,,
1581,,
1582,,
1583,,
1584,,
1585,,
1586,,
1587,,
1588,,
1589,,
1590,,
1591,,
1592,,
1593,,
1594,,
1595,,
1596,,
1597,,
1598,,
1599,,
1600,,
1601,,
1602,,
1603,,
1604,,
1605,,
1606,,
1607,,
1608,,
1609,,
1610,,
1611,,
1612,,
1613,,
1614,,
1615,,
1616,,
1617,,
1618,,
1619,,
1620,,
1621,,
1622,,
1623,,
1624,,
1625,,
1626,,
1627,,
1628,,
1629,,
1630,,
1631,,
1632,,
1633,,
1634,,
1635,,
1636,4 chambers view,
1637,4 chambers heart,
1638,4 chambers heart,
1639,4 chambers heart,
1640,4 chambers heart,
1641,4 chambers view,
1642,4 chambers heart,
1643,4 chambers heart,
1644,4 chambers heart,
1645,4 chambers heart,
1646,4 chambers heart,
1647,4 chambers heart,
1648,4 chambers heart,
1649,4 chambers heart,
1650,4 chambers view,
1651,4 chambers view,
1652,4 chambers view,
1653,4 chambers view,
1654,4 chambers view,
1655,4 chambers view,
1656,4 chambers view,
1657,4 chambers view,
1658,4 chambers view,
1659,4 chambers view,
1660,4 chambers view,
1661,4 chambers view,
1662,4 chambers view,
1663,4 chambers view,
1664,4 chambers view,
1665,4 chambers view,
1666,,
1667,,
1668,,
1669,,
1670,,
1671,,
1672,,
1673,,
1674,,
1675,,
1676,,
1677,,
1678,,
1679,,
1680,,
1681,,
1682,,
1683,,
1684,,
1685,,
1686,,
1687,,
1688,,
1689,,
1690,,
1691,,
1692,,
1693,,
1694,,
1695,,
1696,,
1697,,
1698,,
1699,,
1700,,
1701,,
1702,,
1703,,
1704,,
1705,,
1706,,
1707,,
1708,,
1709,,
1710,,
1711,,
1712,,
1713,,
1714,,
1715,,
1716,,
1717,,
1718,4 chambers view,
1719,4 chambers view,
1720,4 chambers view,
1721,4 chambers view,
1722,4 chambers view,
1723,4 chambers view,
1724,4 chambers view,
1725,4 chambers view,
1726,4 chambers view,
1727,4 chambers view,
1728,4 chambers view,
1729,4 chambers view,
1730,4 chambers view,
1731,4 chambers view,
1732,4 chambers view,
1733,4 chambers view,
1734,4 chambers view,
1735,4 chambers view,
1736,4 chambers view,
1737,4 chambers view,
1738,4 chambers view,
1739,4 chambers view,
1740,4 chambers view,
1741,4 chambers heart,
1742,4 chambers heart,
1743,4 chambers heart,
1744,4 chambers heart,
1745,4 chambers heart,
1746,4 chambers heart,
1747,4 chambers heart,
1748,4 chambers heart,
1749,4 chambers heart,
1750,4 chambers heart,
1751,4 chambers view,
1752,4 chambers view,
1753,4 chambers view,
1754,4 chambers view,
1755,4 chambers view,
1756,4 chambers view,
1757,4 chambers view,
1758,4 chambers view,
1759,4 chambers view,
1760,4 chambers view,
1761,4 chambers view,
1762,4 chambers heart,
1763,,
1764,,
1765,,
1766,,
1767,,
1768,,
1769,,
1770,,
1771,,
1772,,
1773,,
1774,,
1775,,
1776,,
1777,,
1778,,
1779,,
1780,,
1781,,
1782,,
1783,,
1784,,
1785,,
1786,,
1787,,
1788,,
1789,,
1790,,
1791,,
1792,,
1793,,
1794,,
1795,,
1796,,
1797,,
1798,,
1799,,
1800,,
1801,,
1802,,
1803,4 chambers view,
1804,4 chambers view,
1805,4 chambers view,
1806,4 chambers view,
1807,4 chambers view,
1808,4 chambers view,
1809,4 chambers view,
1810,4 chambers view,
1811,4 chambers view,
1812,4 chambers view,
1813,4 chambers view,
1814,4 chambers view,
1815,4 chambers view,
1816,4 chambers view,
1817,4 chambers view,
1818,4 chambers view,
1819,4 chambers view,
1820,4 chambers view,
1821,4 chambers view,
1822,4 chambers view,
1823,4 chambers view,
1824,4 chambers view,
1825,4 chambers view,
1826,4 chambers view,
1827,4 chambers view,
1828,4 chambers view,
1829,4 chambers view,
1830,4 chambers view,
1831,4 chambers heart,
1832,4 chambers heart,
1833,,
1834,,
1835,,
1836,,
1837,,
1838,,
1839,,
1840,,
1841,,
1842,,
1843,,
1844,,
1845,,
1846,,
1847,,
1848,,
1849,,
1850,,
1851,,
1852,,
1853,,
1854,,
1855,,
1856,,
1857,,
1858,,
1859,,
1860,,
1861,,
1862,,
1863,,
1864,,
1865,,
1866,,
1867,,
1868,,
1869,,
1870,,
1871,,
1872,,
1873,,
1874,,
1875,,
1876,,
1877,,
1878,,
1879,,
1880,,
1881,,
1882,,
1883,,
1884,,
1885,,
1886,,
1887,,
1888,,
1889,,
1890,,
1891,,
1892,,
1893,,
1894,,
1895,,
1896,,
1897,,
1898,,
1899,,
1900,,
1901,,
1902,,
1903,,
1904,,
1905,,
1906,,
1907,,
1908,,
1909,,
1910,,
1911,,
1912,,
1913,,
1914,,
1915,,
1916,,
1917,,
1918,,
1919,,
1920,,
1921,,
1922,,
1923,,
1924,,
1925,,
1926,,
1927,,
1928,,
1929,,
1930,,
1931,,
1932,,
1933,,
1934,,
1935,,
1936,,
1937,,
1938,,
1939,,
1940,,
1941,,
1942,,
1943,,
1944,,
1945,,
1946,,
1947,,
1948,,
1949,,
1950,,
1951,,
1952,,
1953,,
1954,,
1955,,
1956,,
1957,,
1958,,
1959,,
1960,,
1961,,
1962,,
1963,,
1964,,
1965,,
1966,,
1967,,
1968,,
1969,,
1970,,
1971,,
1972,,
1973,,
1974,,
1975,,
1976,,
1977,,
1978,,
1979,,
1980,,
1981,,
1982,,
1983,,
1984,,
1985,,
1986,,
1987,,
1988,,
1989,,
1990,,
1991,,
1992,,
1993,,
1994,,
1995,,
1996,,
1997,,
1998,,
1999,,
2000,,
2001,,
2002,,
2003,,
2004,,
2005,,
2006,,
2007,,
2008,,
2009,,
2010,,
2011,,
2012,,
2013,,
2014,,
2015,,
2016,,
2017,,
2018,,
2019,,
2020,,
2021,,
2022,,
2023,,
2024,,
2025,,
2026,,
2027,,
2028,,
2029,,
2030,,
2031,,
2032,,
2033,,
2034,,
2035,,
2036,,
2037,,
2038,,
2039,,
2040,,
2041,,
2042,,
2043,4 chambers view,
2044,4 chambers view,
2045,4 chambers view,
2046,4 chambers view,
2047,4 chambers view,
2048,4 chambers view,
2049,4 chambers view,
2050,4 chambers view,
2051,4 chambers view,
2052,4 chambers view,
2053,4 chambers view,
2054,4 chambers view,
2055,4 chambers view,
2056,4 chambers view,
2057,4 chambers view,
2058,4 chambers view,
2059,4 chambers view,
2060,4 chambers view,
2061,4 chambers view,
2062,4 chambers view,
2063,4 chambers view,
2064,4 chambers view,
2065,4 chambers view,
2066,4 chambers view,
2067,4 chambers view,
2068,4 chambers view,
2069,4 chambers view,
2070,4 chambers view,
2071,4 chambers view,
2072,4 chambers view,
2073,,
2074,,
2075,,
2076,,
2077,,
2078,,
2079,,
2080,,
2081,,
2082,,
2083,,
2084,,
2085,,
2086,,
2087,,
2088,,
2089,,
2090,,
2091,,
2092,,
2093,,
2094,,
2095,,
2096,,
2097,,
2098,,
2099,pulmonary vein,
2100,pulmonary vein,
2101,pulmonary vein,
2102,pulmonary vein,
2103,pulmonary vein,
2104,pulmonary vein,
2105,pulmonary vein,
2106,pulmonary vein,
2107,pulmonary vein,
2108,pulmonary vein,
2109,pulmonary vein,
2110,pulmonary vein,
2111,pulmonary vein,
2112,pulmonary vein,
2113,pulmonary vein,
2114,pulmonary vein,
2115,pulmonary vein,
2116,pulmonary vein,
2117,pulmonary vein,
2118,pulmonary vein,
2119,pulmonary vein,
2120,pulmonary vein,
2121,pulmonary vein,
2122,pulmonary vein,
2123,pulmonary vein,
2124,pulmonary vein,
2125,pulmonary vein,
2126,pulmonary vein,
2127,pulmonary vein,
2128,pulmonary vein,
2129,,
2130,,
2131,,
2132,,
2133,pulmonary vein,
2134,pulmonary vein,
2135,pulmonary vein,
2136,pulmonary vein,
2137,pulmonary vein,
2138,pulmonary vein,
2139,pulmonary vein,
2140,pulmonary vein,
2141,pulmonary vein,
2142,pulmonary vein,
2143,pulmonary vein,
2144,pulmonary vein,
2145,pulmonary vein,
2146,pulmonary vein,
2147,pulmonary vein,
2148,pulmonary vein,
2149,pulmonary vein,
2150,pulmonary vein,
2151,pulmonary vein,
2152,pulmonary vein,
2153,pulmonary vein,
2154,pulmonary vein,
2155,pulmonary vein,
2156,pulmonary vein,
2157,pulmonary vein,
2158,pulmonary vein,
2159,pulmonary vein,
2160,pulmonary vein,
2161,pulmonary vein,
2162,pulmonary vein,
2163,,
2164,,
2165,,
2166,,
2167,,
2168,,
2169,,
2170,,
2171,,
2172,,
2173,,
2174,,
2175,,
2176,,
2177,,
2178,,
2179,,
2180,,
2181,,
2182,,
2183,,
2184,,
2185,,
2186,,
2187,,
2188,,
2189,,
2190,,
2191,,
2192,,
2193,,
2194,,
2195,,
2196,,
2197,,
2198,,
2199,,
2200,,
2201,,
2202,,
2203,,
2204,,
2205,,
2206,,
2207,,
2208,,
2209,pulmonary vein,
2210,pulmonary vein,
2211,pulmonary vein,
2212,pulmonary vein,
2213,pulmonary vein,
2214,pulmonary vein,
2215,pulmonary vein,
2216,pulmonary vein,
2217,pulmonary vein,
2218,pulmonary vein,
2219,pulmonary vein,
2220,pulmonary vein,
2221,pulmonary vein,
2222,pulmonary vein,
2223,pulmonary vein,
2224,pulmonary vein,
2225,pulmonary vein,
2226,pulmonary vein,
2227,pulmonary vein,
2228,pulmonary vein,
2229,pulmonary vein,
2230,pulmonary vein,
2231,pulmonary vein,
2232,pulmonary vein,
2233,pulmonary vein,
2234,pulmonary vein,
2235,pulmonary vein,
2236,pulmonary vein,
2237,pulmonary vein,
2238,pulmonary vein,
2239,,
2240,,
2241,,
2242,,
2243,,
2244,,
2245,,
2246,,
2247,,
2248,,
2249,,
2250,,
2251,,
2252,,
2253,,
2254,,
2255,,
2256,,
2257,,
2258,,
2259,,
2260,,
2261,,
2262,,
2263,,
2264,,
2265,,
2266,,
2267,,
2268,,
2269,,
2270,,
2271,,
2272,,
2273,,
2274,,
2275,,
2276,,
2277,,
2278,,
2279,,
2280,,
2281,,
2282,,
2283,,
2284,,
2285,,
2286,,
2287,,
2288,,
2289,,
2290,,
2291,,
2292,,
2293,,
2294,,
2295,,
2296,,
2297,,
2298,,
2299,,
2300,,
2301,,
2302,,
2303,,
2304,,
2305,,
2306,,
2307,,
2308,,
2309,,
2310,,
2311,,
2312,,
2313,,
2314,,
2315,,
2316,,
2317,,
2318,,
2319,,
2320,,
2321,,
2322,,
2323,,
2324,,
2325,,
2326,,
2327,,
2328,,
2329,,
2330,,
2331,,
2332,,
2333,,
2334,,
2335,,
2336,,
2337,,
2338,,
2339,,
2340,,
2341,,
2342,,
2343,,
2344,,
2345,,
2346,,
2347,,
2348,,
2349,,
2350,,
2351,,
2352,,
2353,,
2354,,
2355,,
2356,,
2357,,
2358,,
2359,,
2360,,
2361,,
2362,,
2363,,
2364,,
2365,,
2366,,
2367,abdominal circumference,
2368,abdominal circumference,
2369,abdominal circumference,
2370,abdominal circumference,
2371,abdominal circumference,
2372,abdominal circumference,
2373,abdominal circumference,
2374,abdominal circumference,
2375,abdominal circumference,
2376,abdominal circumference,
2377,abdominal circumference,
2378,abdominal circumference,
2379,abdominal circumference,
2380,abdominal circumference,
2381,abdominal circumference,
2382,abdominal circumference,
2383,abdominal circumference,
2384,abdominal circumference,
2385,abdominal circumference,
2386,abdominal circumference,
2387,abdominal circumference,
2388,abdominal circumference,
2389,abdominal circumference,
2390,abdominal circumference,
2391,abdominal circumference,
2392,abdominal circumference,
2393,abdominal circumference,
2394,abdominal circumference,
2395,abdominal circumference,
2396,abdominal circumference,
2397,,
2398,,
2399,,
2400,,
2401,,
2402,,
2403,,
2404,,
2405,,
2406,,
2407,,
2408,,
2409,,
2410,,
2411,,
2412,,
2413,,
2414,,
2415,,
2416,,
2417,,
2418,,
2419,,
2420,,
2421,,
2422,,
2423,,
2424,,
2425,,
2426,,
2427,cord,
2428,cord,
2429,,
2430,,
2431,,
2432,,
2433,,
2434,,
2435,,
2436,,
2437,,
2438,,
2439,,
2440,,
2441,,
2442,,
2443,,
2444,,
2445,,
2446,,
2447,cord,
2448,cord,
2449,cord,
2450,cord,
2451,,
2452,,
2453,,
2454,,
2455,,
2456,,
2457,,
2458,,
2459,,
2460,,
2461,,
2462,,
2463,,
2464,,
2465,,
2466,,
2467,,
2468,,
2469,,
2470,,
2471,,
2472,,
2473,,
2474,,
2475,,
2476,,
2477,,
2478,,
2479,,
2480,,
2481,,
2482,,
2483,,
2484,,
2485,,
2486,,
2487,,
2488,,
2489,,
2490,bladder,
2491,bladder,
2492,bladder,
2493,bladder,
2494,bladder,
2495,bladder,
2496,bladder,
2497,bladder,
2498,bladder,
2499,bladder,
2500,bladder,
2501,bladder,
2502,bladder,
2503,bladder,
2504,bladder,
2505,bladder,
2506,bladder,
2507,bladder,
2508,bladder,
2509,bladder,
2510,bladder,
2511,bladder,
2512,bladder,
2513,bladder,
2514,bladder,
2515,bladder,
2516,bladder,
2517,bladder,
2518,bladder,
2519,bladder,
2520,,
2521,,
2522,,
2523,,
2524,,
2525,,
2526,,
2527,,
2528,,
2529,,
2530,,
2531,,
2532,,
2533,,
2534,,
2535,,
2536,,
2537,femur length,
2538,femur length,
2539,femur length,
2540,femur length,
2541,femur length,
2542,femur length,
2543,femur length,
2544,femur length,
2545,femur length,
2546,femur length,
2547,femur length,
2548,femur length,
2549,femur length,
2550,femur length,
2551,femur length,
2552,femur length,
2553,femur length,
2554,femur length,
2555,femur length,
2556,femur length,
2557,femur length,
2558,femur length,
2559,femur length,
2560,femur length,
2561,femur length,
2562,femur length,
2563,femur length,
2564,femur length,
2565,femur length,
2566,femur length,
2567,,
2568,,
2569,,
2570,,
2571,,
2572,,
2573,,
2574,,
2575,,
2576,,
2577,,
2578,,
2579,,
2580,,
2581,,
2582,,
2583,,
2584,,
2585,,
2586,,
2587,,
2588,,
2589,,
2590,,
2591,,
2592,,
2593,,
2594,,
2595,,
2596,,
2597,,
2598,,
2599,,
2600,,
2601,,
2602,,
2603,,
2604,,
2605,,
2606,,
2607,,
2608,,
2609,,
2610,,
2611,,
2612,,
2613,,
2614,,
2615,,
2616,,
2617,,
2618,,
2619,,
2620,,
2621,,
2622,,
2623,,
2624,,
2625,,
2626,,
2627,,
2628,,
2629,,
2630,,
2631,,
2632,,
2633,,
2634,,
2635,,
2636,,
2637,,
2638,,
2639,,
2640,,
2641,genitals,
2642,genitals,
2643,genitals,
2644,genitals,
2645,genitals,
2646,genitals,
2647,genitals,
2648,genitals,
2649,genitals,
2650,genitals,
2651,genitals,
2652,genitals,
2653,genitals,
2654,genitals,
2655,genitals,
2656,genitals,
2657,genitals,
2658,genitals,
2659,genitals,
2660,genitals,
2661,genitals,
2662,genitals,
2663,genitals,
2664,genitals,
2665,genitals,
2666,genitals,
2667,genitals,
2668,genitals,
2669,genitals,
2670,genitals,
2671,,
2672,,
2673,,
2674,,
2675,,
2676,,
2677,,
2678,,
2679,,
2680,,
2681,,
2682,,
2683,,
2684,,
2685,,
2686,,
2687,,
2688,,
2689,,
2690,,
2691,,
2692,,
2693,,
2694,,
2695,,
2696,,
2697,,
2698,,
2699,,
2700,,
2701,,
2702,,
2703,,
2704,,
2705,,
2706,,
2707,,
2708,,
2709,genitals,
2710,genitals,
2711,genitals,
2712,genitals,
2713,genitals,
2714,genitals,
2715,genitals,
2716,genitals,
2717,genitals,
2718,genitals,
2719,genitals,
2720,genitals,
2721,genitals,
2722,genitals,
2723,genitals,
2724,genitals,
2725,genitals,
2726,genitals,
2727,genitals,
2728,genitals,
2729,genitals,
2730,genitals,
2731,genitals,
2732,genitals,
2733,genitals,
2734,genitals,
2735,genitals,
2736,genitals,
2737,genitals,
2738,genitals,
2739,,
2740,,
2741,,
2742,,
2743,,
2744,,
2745,,
2746,,
2747,,
2748,,
2749,,
2750,,
2751,,
2752,,
2753,,
2754,,
2755,,
2756,,
2757,,
2758,,
2759,,
2760,,
2761,,
2762,,
2763,,
2764,,
2765,,
2766,,
2767,,
2768,,
2769,,
2770,,
2771,,
2772,,
2773,spine,
2774,spine,
2775,spine,
2776,spine,
2777,spine,
2778,spine,
2779,spine,
2780,spine,
2781,spine,
2782,spine,
2783,spine,
2784,spine,
2785,spine,
2786,spine,
2787,spine,
2788,spine,
2789,spine,
2790,spine,
2791,spine,
2792,spine,
2793,spine,
2794,spine,
2795,spine,
2796,spine,
2797,spine,
2798,spine,
2799,spine,
2800,spine,
2801,spine,
2802,spine,
2803,spine,
2804,spine,
2805,spine,
2806,spine,
2807,spine,
2808,spine,
2809,,
2810,,
2811,spine,
2812,spine,
2813,spine,
2814,spine,
2815,spine,
2816,spine,
2817,spine,
2818,spine,
2819,spine,
2820,spine,
2821,spine,
2822,,
2823,,
2824,,
2825,,
2826,,
2827,,
2828,,
2829,,
2830,,
2831,,
2832,,
2833,,
2834,,
2835,,
2836,,
2837,,
2838,,
2839,,
2840,,
2841,,
2842,,
2843,,
2844,,
2845,spine,
2846,spine,
2847,spine,
2848,spine,
2849,spine,
2850,spine,
2851,spine,
2852,spine,
2853,spine,
2854,spine,
2855,spine,
2856,spine,
2857,spine,
2858,spine,
2859,spine,
2860,spine,
2861,spine,
2862,spine,
2863,spine,
2864,spine,
2865,spine,
2866,spine,
2867,spine,
2868,spine,
2869,spine,
2870,spine,
2871,spine,
2872,spine,
2873,spine,
2874,spine,
2875,spine,
2876,spine,
2877,spine,
2878,spine,
2879,spine,
2880,spine,
2881,spine,
2882,spine,
2883,spine,
2884,spine,
2885,spine,
2886,spine,
2887,spine,
2888,spine,
2889,spine,
2890,spine,
2891,spine,
2892,spine,
2893,spine,
2894,spine,
2895,spine,
2896,,
2897,,
2898,,
2899,,
2900,,
2901,,
2902,,
2903,,
2904,,
2905,spine,
2906,spine,
2907,spine,
2908,spine,
2909,spine,
2910,spine,
2911,spine,
2912,spine,
2913,spine,
2914,spine,
2915,spine,
2916,spine,
2917,spine,
2918,spine,
2919,spine,
2920,spine,
2921,spine,
2922,spine,
2923,spine,
2924,spine,
2925,spine,
2926,spine,
2927,spine,
2928,spine,
2929,spine,
2930,spine,
2931,spine,
2932,spine,
2933,spine,
2934,spine,
2935,,
2936,,
2937,,
2938,,
2939,,
2940,,
2941,spine,
2942,spine,
2943,spine,
2944,spine,
2945,spine,
2946,spine,
2947,spine,
2948,spine,
2949,spine,
2950,spine,
2951,spine,
2952,spine,
2953,spine,
2954,spine,
2955,spine,
2956,spine,
2957,spine,
2958,spine,
2959,spine,
2960,spine,
2961,spine,
2962,spine,
2963,spine,
2964,spine,
2965,spine,
2966,spine,
2967,spine,
2968,spine,
2969,spine,
2970,spine,
2971,,
2972,,
2973,,
2974,,
2975,,
2976,,
2977,,
2978,,
2979,,
2980,,
2981,,
2982,,
2983,,
2984,,
2985,,
2986,,
2987,,
2988,,
2989,,
2990,,
2991,,
2992,,
2993,,
2994,,
2995,,
2996,,
2997,,
2998,,
2999,,
3000,,
3001,,
3002,,
3003,,
3004,,
3005,,
3006,,
3007,,
3008,,
3009,,
3010,,
3011,,
3012,,
3013,,
3014,,
3015,,
3016,,
3017,,
3018,,
3019,,
3020,,
3021,,
3022,,
3023,,
3024,,
3025,,
3026,,
3027,,
3028,,
3029,,
3030,,
3031,,
3032,,
3033,,
3034,,
3035,,
3036,,
3037,,
3038,,
3039,,
3040,,
3041,,
3042,,
3043,,
3044,,
3045,,
3046,,
3047,,
3048,,
3049,,
3050,,
3051,,
3052,,
3053,,
3054,,
3055,,
3056,,
3057,,
3058,,
3059,,
3060,,
3061,,
3062,,
3063,,
3064,,
3065,,
3066,,
3067,,
3068,,
3069,,
3070,,
3071,,
3072,,
3073,,
3074,,
3075,,
3076,,
3077,,
3078,,
3079,,
3080,,
3081,,
3082,,
3083,,
3084,,
3085,,
3086,,
3087,,
3088,kidney coronal view,
3089,kidney coronal view,
3090,kidney coronal view,
3091,kidney coronal view,
3092,kidney coronal view,
3093,kidney coronal view,
3094,kidney coronal view,
3095,kidney coronal view,
3096,kidney coronal view,
3097,kidney coronal view,
3098,kidney coronal view,
3099,kidney coronal view,
3100,kidney coronal view,
3101,kidney coronal view,
3102,kidney coronal view,
3103,kidney coronal view,
3104,kidney coronal view,
3105,kidney coronal view,
3106,kidney coronal view,
3107,kidney coronal view,
3108,kidney coronal view,
3109,kidney coronal view,
3110,kidney coronal view,
3111,kidney coronal view,
3112,kidney coronal view,
3113,kidney coronal view,
3114,kidney coronal view,
3115,kidney coronal view,
3116,kidney coronal view,
3117,kidney coronal view,
3118,,
3119,,
3120,,
3121,,
3122,,
3123,,
3124,,
3125,,
3126,,
3127,,
3128,,
3129,,
3130,,
3131,,
3132,,
3133,,
3134,,
3135,,
3136,,
3137,,
3138,,
3139,,
3140,,
3141,,
3142,,
3143,,
3144,,
3145,,
3146,,
3147,,
3148,,
3149,,
3150,,
3151,,
3152,,
3153,,
3154,,
3155,,
3156,,
3157,,
3158,,
3159,,
3160,,
3161,,
3162,,
3163,,
3164,,
3165,,
3166,,
3167,,
3168,,
3169,,
3170,,
3171,,
3172,,
3173,,
3174,,
3175,,
3176,,
3177,,
3178,,
3179,,
3180,,
3181,,
3182,,
3183,,
3184,,
3185,,
3186,,
3187,,
3188,,
3189,kidneys vessels,
3190,kidneys vessels,
3191,kidneys vessels,
3192,kidneys vessels,
3193,kidneys vessels,
3194,kidneys vessels,
3195,kidneys vessels,
3196,kidneys vessels,
3197,kidneys vessels,
3198,kidneys vessels,
3199,kidneys vessels,
3200,kidneys vessels,
3201,kidneys vessels,
3202,kidneys vessels,
3203,kidneys vessels,
3204,kidneys vessels,
3205,kidneys vessels,
3206,kidneys vessels,
3207,kidneys vessels,
3208,kidneys vessels,
3209,kidneys vessels,
3210,kidneys vessels,
3211,kidneys vessels,
3212,kidneys vessels,
3213,kidneys vessels,
3214,kidneys vessels,
3215,kidneys vessels,
3216,kidneys vessels,
3217,kidneys vessels,
3218,kidneys vessels,
3219,,
3220,,
3221,,
3222,,
3223,,
3224,,
3225,,
3226,,
3227,,
3228,,
3229,,
3230,,
3231,,
3232,,
3233,,
3234,,
3235,,
3236,,
3237,,
3238,,
3239,,
3240,,
3241,,
3242,,
3243,,
3244,,
3245,,
3246,,
3247,,
3248,,
3249,,
3250,,
3251,,
3252,,
3253,,
3254,,
3255,,
3256,,
3257,,
3258,,
3259,,
3260,,
3261,,
3262,,
3263,,
3264,,
3265,,
3266,,
3267,,
3268,,
3269,,
3270,,
3271,,
3272,,
3273,,
3274,,
3275,,
3276,,
3277,,
3278,,
3279,,
3280,,
3281,,
3282,,
3283,,
3284,,
3285,,
3286,,
3287,,
3288,,
3289,,
3290,,
3291,,
3292,,
3293,,
3294,,
3295,,
3296,,
3297,,
3298,,
3299,,
3300,,
3301,,
3302,,
3303,genitals,
3304,genitals,
3305,genitals,
3306,genitals,
3307,genitals,
3308,genitals,
3309,genitals,
3310,genitals,
3311,genitals,
3312,genitals,
3313,genitals,
3314,genitals,
3315,genitals,
3316,genitals,
3317,genitals,
3318,genitals,
3319,genitals,
3320,genitals,
3321,genitals,
3322,genitals,
3323,genitals,
3324,genitals,
3325,genitals,
3326,genitals,
3327,genitals,
3328,genitals,
3329,genitals,
3330,genitals,
3331,genitals,
3332,genitals,
3333,,
3334,,
3335,,
3336,,
3337,,
3338,,
3339,,
3340,,
3341,,
3342,,
3343,,
3344,,
3345,,
3346,,
3347,,
3348,,
3349,,
3350,,
3351,,
3352,,
3353,,
3354,,
3355,,
3356,,
3357,,
3358,,
3359,,
3360,,
3361,,
3362,,
3363,,
3364,,
3365,,
3366,,
3367,,
3368,,
3369,,
3370,,
3371,,
3372,,
3373,,
3374,,
3375,,
3376,,
3377,,
3378,,
3379,,
3380,,
3381,,
3382,,
3383,,
3384,,
3385,,
3386,,
3387,,
3388,,
3389,,
3390,,
3391,,
3392,,
3393,,
3394,,
3395,,
3396,,
3397,,
3398,,
3399,,
3400,,
3401,,
3402,,
3403,,
3404,,
3405,,
3406,,
3407,,
3408,,
3409,,
3410,,
3411,,
3412,,
3413,,
3414,,
3415,,
3416,,
3417,,
3418,,
3419,,
3420,,
3421,,
3422,,
3423,,
3424,,
3425,,
3426,,
3427,,
3428,,
3429,,
3430,,
3431,bladder,
3432,bladder,
3433,bladder,
3434,bladder,
3435,bladder,
3436,bladder,
3437,bladder,
3438,bladder,
3439,bladder,
3440,bladder,
3441,bladder,
3442,bladder,
3443,bladder,
3444,bladder,
3445,bladder,
3446,bladder,
3447,bladder,
3448,bladder,
3449,bladder,
3450,bladder,
3451,bladder,
3452,bladder,
3453,bladder,
3454,bladder,
3455,bladder,
3456,bladder,
3457,bladder,
3458,bladder,
3459,bladder,
3460,bladder,
3461,,
3462,,
3463,,
3464,,
3465,,
3466,,
3467,,
3468,,
3469,,
3470,,
3471,,
3472,,
3473,,
3474,,
3475,,
3476,,
3477,,
3478,,
3479,,
3480,,
3481,,
3482,,
3483,,
3484,,
3485,,
3486,,
3487,,
3488,,
3489,,
3490,,
3491,,
3492,,
3493,,
3494,,
3495,,
3496,,
3497,,
3498,,
3499,,
3500,,
3501,,
3502,,
3503,,
3504,,
3505,,
3506,,
3507,,
3508,,
3509,,
3510,,
3511,,
3512,,
3513,,
3514,,
3515,,
3516,,
3517,,
3518,,
3519,,
3520,,
3521,,
3522,,
3523,,
3524,,
3525,,
3526,,
3527,,
3528,,
3529,,
3530,,
3531,,
3532,,
3533,,
3534,,
3535,,
3536,,
3537,,
3538,,
3539,,
3540,,
3541,,
3542,,
3543,,
3544,,
3545,,
3546,,
3547,,
3548,,
3549,,
3550,right diaphragm,
3551,right diaphragm,
3552,right diaphragm,
3553,right diaphragm,
3554,right diaphragm,
3555,right diaphragm,
3556,right diaphragm,
3557,right diaphragm,
3558,right diaphragm,
3559,right diaphragm,
3560,right diaphragm,
3561,right diaphragm,
3562,right diaphragm,
3563,right diaphragm,
3564,right diaphragm,
3565,right diaphragm,
3566,right diaphragm,
3567,right diaphragm,
3568,right diaphragm,
3569,right diaphragm,
3570,right diaphragm,
3571,right diaphragm,
3572,right diaphragm,
3573,right diaphragm,
3574,right diaphragm,
3575,right diaphragm,
3576,right diaphragm,
3577,right diaphragm,
3578,right diaphragm,
3579,right diaphragm,
3580,,
3581,,
3582,,
3583,,
3584,,
3585,,
3586,,
3587,,
3588,,
3589,,
3590,left diaphragm,
3591,left diaphragm,
3592,left diaphragm,
3593,left diaphragm,
3594,left diaphragm,
3595,left diaphragm,
3596,left diaphragm,
3597,left diaphragm,
3598,left diaphragm,
3599,left diaphragm,
3600,left diaphragm,
3601,left diaphragm,
3602,left diaphragm,
3603,left diaphragm,
3604,left diaphragm,
3605,left diaphragm,
3606,left diaphragm,
3607,left diaphragm,
3608,left diaphragm,
3609,left diaphragm,
3610,left diaphragm,
3611,left diaphragm,
3612,left diaphragm,
3613,left diaphragm,
3614,left diaphragm,
3615,left diaphragm,
3616,left diaphragm,
3617,left diaphragm,
3618,left diaphragm,
3619,left diaphragm,
3620,,
3621,,
3622,,
3623,,
3624,,
3625,,
3626,,
3627,,
3628,,
3629,,
3630,,
3631,,
3632,,
3633,,
3634,,
3635,,
3636,,
3637,,
3638,,
3639,,
3640,,
3641,,
3642,,
3643,,
3644,,
3645,left diaphragm,
3646,left diaphragm,
3647,left diaphragm,
3648,left diaphragm,
3649,left diaphragm,
3650,left diaphragm,
3651,left diaphragm,
3652,left diaphragm,
3653,left diaphragm,
3654,left diaphragm,
3655,left diaphragm,
3656,left diaphragm,
3657,left diaphragm,
3658,left diaphragm,
3659,left diaphragm,
3660,left diaphragm,
3661,left diaphragm,
3662,left diaphragm,
3663,left diaphragm,
3664,left diaphragm,
3665,left diaphragm,
3666,left diaphragm,
3667,left diaphragm,
3668,left diaphragm,
3669,left diaphragm,
3670,left diaphragm,
3671,left diaphragm,
3672,left diaphragm,
3673,left diaphragm,
3674,left diaphragm,
3675,,
3676,,
3677,,
3678,,
3679,,
3680,,
3681,,
3682,,
3683,,
3684,,
3685,,
3686,,
3687,,
3688,,
3689,,
3690,,
3691,,
3692,,
3693,,
3694,,
3695,,
3696,,
3697,,
3698,,
3699,,
3700,,
3701,,
3702,,
3703,,
3704,,
3705,,
3706,,
3707,,
3708,,
3709,,
3710,,
3711,,
3712,,
3713,,
3714,,
3715,,
3716,,
3717,,
3718,,
3719,,
3720,,
3721,,
3722,,
3723,,
3724,,
3725,,
3726,,
3727,,
3728,,
3729,,
3730,,
3731,,
3732,,
3733,,
3734,,
3735,,
3736,,
3737,,
3738,,
3739,,
3740,,
3741,,
3742,,
3743,,
3744,,
3745,,
3746,,
3747,,
3748,,
3749,,
3750,,
3751,,
3752,,
3753,,
3754,kidneys parasagittal view,
3755,kidneys parasagittal view,
3756,kidneys parasagittal view,
3757,kidneys parasagittal view,
3758,kidneys parasagittal view,
3759,kidneys parasagittal view,
3760,kidneys parasagittal view,
3761,kidneys parasagittal view,
3762,kidneys parasagittal view,
3763,kidneys parasagittal view,
3764,kidneys parasagittal view,
3765,kidneys parasagittal view,
3766,kidneys parasagittal view,
3767,kidneys parasagittal view,
3768,kidneys parasagittal view,
3769,kidneys parasagittal view,
3770,kidneys parasagittal view,
3771,kidneys parasagittal view,
3772,kidneys parasagittal view,
3773,kidneys parasagittal view,
3774,kidneys parasagittal view,
3775,kidneys parasagittal view,
3776,kidneys parasagittal view,
3777,kidneys parasagittal view,
3778,kidneys parasagittal view,
3779,kidneys parasagittal view,
3780,kidneys parasagittal view,
3781,kidneys parasagittal view,
3782,kidneys parasagittal view,
3783,kidneys parasagittal view,
3784,,
3785,,
3786,,
3787,,
3788,,
3789,,
3790,,
3791,,
3792,,
3793,,
3794,,
3795,,
3796,,
3797,,
3798,,
3799,,
3800,,
3801,,
3802,,
3803,,
3804,,
3805,,
3806,,
3807,,
3808,,
3809,,
3810,,
3811,,
3812,,
3813,,
3814,,
3815,,
3816,,
3817,,
3818,,
3819,,
3820,,
3821,,
3822,,
3823,,
3824,,
3825,,
3826,,
3827,,
3828,,
3829,,
3830,,
3831,,
3832,,
3833,,
3834,,
3835,,
3836,,
3837,,
3838,,
3839,,
3840,,
3841,,
3842,,
3843,,
3844,,
3845,,
3846,humerus,
3847,humerus,
3848,humerus,
3849,humerus,
3850,humerus,
3851,humerus,
3852,humerus,
3853,humerus,
3854,humerus,
3855,humerus,
3856,humerus,
3857,humerus,
3858,humerus,
3859,humerus,
3860,humerus,
3861,humerus,
3862,humerus,
3863,humerus,
3864,humerus,
3865,humerus,
3866,humerus,
3867,humerus,
3868,humerus,
3869,humerus,
3870,humerus,
3871,humerus,
3872,humerus,
3873,humerus,
3874,humerus,
3875,humerus,
3876,,
3877,,
3878,,
3879,,
3880,,
3881,,
3882,,
3883,,
3884,,
3885,,
3886,,
3887,,
3888,,
3889,,
3890,,
3891,,
3892,,
3893,,
3894,,
3895,,
3896,,
3897,,
3898,,
3899,,
3900,,
3901,,
3902,,
3903,,
3904,,
3905,,
3906,,
3907,,
3908,,
3909,,
3910,,
3911,,
3912,,
3913,,
3914,,
3915,,
3916,,
3917,,
3918,,
3919,,
3920,,
3921,,
3922,,
3923,,
3924,,
3925,,
3926,,
3927,,
3928,,
3929,,
3930,,
3931,,
3932,,
3933,,
3934,,
3935,,
3936,,
3937,,
3938,,
3939,,
3940,,
3941,,
3942,,
3943,,
3944,,
3945,,
3946,,
3947,,
3948,,
3949,,
3950,,
3951,,
3952,,
3953,,
3954,,
3955,,
3956,,
3957,,
3958,,
3959,,
3960,,
3961,,
3962,,
3963,,
3964,,
3965,,
3966,,
3967,,
3968,,
3969,,
3970,,
3971,,
3972,,
3973,,
3974,,
3975,,
3976,,
3977,,
3978,,
3979,,
3980,,
3981,,
3982,,
3983,,
3984,,
3985,,
3986,,
3987,,
3988,,
3989,,
3990,,
3991,,
3992,,
3993,,
3994,,
3995,,
3996,,
3997,,
3998,,
3999,,
4000,,
4001,,
4002,,
4003,,
4004,,
4005,,
4006,,
4007,,
4008,,
4009,,
4010,,
4011,,
4012,,
4013,,
4014,,
4015,,
4016,,
4017,,
4018,,
4019,,
4020,,
4021,,
4022,,
4023,,
4024,,
4025,feet,
4026,feet,
4027,feet,
4028,feet,
4029,feet,
4030,feet,
4031,feet,
4032,feet,
4033,feet,
4034,feet,
4035,feet,
4036,feet,
4037,feet,
4038,feet,
4039,feet,
4040,feet,
4041,,
4042,,
4043,,
4044,,
4045,,
4046,,
4047,,
4048,,
4049,,
4050,,
4051,,
4052,,
4053,,
4054,,
4055,,
4056,,
4057,,
4058,,
4059,,
4060,,
4061,,
4062,,
4063,,
4064,,
4065,,
4066,,
4067,,
4068,,
4069,,
4070,,
4071,,
4072,,
4073,,
4074,,
4075,,
4076,,
4077,,
4078,,
4079,,
4080,,
4081,,
4082,,
4083,,
4084,,
4085,,
4086,,
4087,,
4088,,
4089,,
4090,,
4091,,
4092,,
4093,,
4094,,
4095,,
4096,,
4097,,
4098,,
4099,,
4100,,
4101,,
4102,,
4103,,
4104,,
4105,,
4106,,
4107,,
4108,,
4109,,
4110,,
4111,,
4112,,
4113,,
4114,,
4115,,
4116,,
4117,,
4118,,
4119,,
4120,,
4121,,
4122,,
4123,,
4124,,
4125,,
4126,,
4127,,
4128,,
4129,,
4130,,
4131,,
4132,,
4133,,
4134,,
4135,,
4136,,
4137,,
4138,,
4139,,
4140,,
4141,,
4142,,
4143,,
4144,,
4145,,
4146,,
4147,,
4148,,
4149,,
4150,,
4151,,
4152,,
4153,,
4154,,
4155,,
4156,,
4157,,
4158,,
4159,,
4160,,
4161,,
4162,,
4163,,
4164,,
4165,,
4166,,
4167,,
4168,,
4169,,
4170,,
4171,,
4172,,
4173,,
4174,,
4175,,
4176,,
4177,,
4178,,
4179,lower limb,
4180,lower limb,
4181,lower limb,
4182,lower limb,
4183,lower limb,
4184,lower limb,
4185,lower limb,
4186,lower limb,
4187,lower limb,
4188,lower limb,
4189,lower limb,
4190,lower limb,
4191,lower limb,
4192,lower limb,
4193,lower limb,
4194,lower limb,
4195,lower limb,
4196,lower limb,
4197,lower limb,
4198,lower limb,
4199,lower limb,
4200,lower limb,
4201,lower limb,
4202,lower limb,
4203,lower limb,
4204,lower limb,
4205,lower limb,
4206,lower limb,
4207,lower limb,
4208,lower limb,
4209,,
4210,,
4211,,
4212,,
4213,,
4214,,
4215,,
4216,,
4217,,
4218,,
4219,,
4220,,
4221,,
4222,,
4223,,
4224,,
4225,,
4226,,
4227,,
4228,,
4229,,
4230,,
4231,,
4232,,
4233,,
4234,,
4235,,
4236,,
4237,,
4238,,
4239,,
4240,,
4241,,
4242,,
4243,,
4244,,
4245,,
4246,,
4247,,
4248,,
4249,,
4250,,
4251,lower limb,
4252,lower limb,
4253,lower limb,
4254,lower limb,
4255,lower limb,
4256,lower limb,
4257,lower limb,
4258,lower limb,
4259,lower limb,
4260,lower limb,
4261,lower limb,
4262,lower limb,
4263,lower limb,
4264,lower limb,
4265,lower limb,
4266,lower limb,
4267,lower limb,
4268,lower limb,
4269,lower limb,
4270,lower limb,
4271,lower limb,
4272,lower limb,
4273,lower limb,
4274,lower limb,
4275,lower limb,
4276,lower limb,
4277,lower limb,
4278,lower limb,
4279,lower limb,
4280,lower limb,
4281,,
4282,,
4283,,
4284,,
4285,,
4286,,
4287,,
4288,,
4289,,
4290,,
4291,,
4292,,
4293,,
4294,,
4295,feet,
4296,feet,
4297,feet,
4298,feet,
4299,feet,
4300,feet,
4301,feet,
4302,feet,
4303,feet,
4304,feet,
4305,feet,
4306,feet,
4307,,
4308,feet,
4309,,
4310,,
4311,feet,
4312,feet,
4313,,
4314,,
4315,,
4316,,
4317,,
4318,,
4319,feet,
4320,feet,
4321,,
4322,,
4323,,
4324,,
4325,,
4326,,
4327,,
4328,,
4329,,
4330,,
4331,,
4332,,
4333,,
4334,,
4335,,
4336,,
4337,,
4338,,
4339,,
4340,,
4341,,
4342,,
4343,foot,
4344,foot,
4345,foot,
4346,foot,
4347,foot,
4348,foot,
4349,foot,
4350,foot,
4351,,
4352,,
4353,foot,
4354,foot,
4355,,
4356,,
4357,,
4358,,
4359,,
4360,,
4361,,
4362,,
4363,,
4364,,
4365,,
4366,,
4367,foot,
4368,foot,
4369,foot,
4370,foot,
4371,,
4372,,
4373,,
4374,,
4375,,
4376,,
4377,,
4378,,
4379,,
4380,,
4381,,
4382,,
4383,,
4384,,
4385,,
4386,,
4387,,
4388,,
4389,,
4390,,
4391,,
4392,,
4393,,
4394,,
4395,,
4396,,
4397,,
4398,,
4399,,
4400,,
4401,,
4402,,
4403,,
4404,,
4405,,
4406,,
4407,,
4408,,
4409,,
4410,,
4411,,
4412,,
4413,,
4414,,
4415,,
4416,,
4417,,
4418,,
4419,,
4420,,
4421,,
4422,,
4423,,
4424,,
4425,,
4426,,
4427,,
4428,,
4429,,
4430,,
4431,,
4432,,
4433,,
4434,,
4435,,
4436,,
4437,,
4438,,
4439,,
4440,,
4441,,
4442,,
4443,,
4444,,
4445,,
4446,,
4447,upper limb,
4448,upper limb,
4449,upper limb,
4450,upper limb,
4451,upper limb,
4452,upper limb,
4453,upper limb,
4454,upper limb,
4455,upper limb,
4456,upper limb,
4457,upper limb,
4458,upper limb,
4459,upper limb,
4460,upper limb,
4461,upper limb,
4462,upper limb,
4463,upper limb,
4464,upper limb,
4465,upper limb,
4466,upper limb,
4467,upper limb,
4468,upper limb,
4469,upper limb,
4470,upper limb,
4471,upper limb,
4472,upper limb,
4473,upper limb,
4474,upper limb,
4475,upper limb,
4476,upper limb,
4477,,
4478,,
4479,,
4480,,
4481,,
4482,,
4483,,
4484,,
4485,,
4486,,
4487,,
4488,upper limb,
4489,upper limb,
4490,upper limb,
4491,upper limb,
4492,upper limb,
4493,upper limb,
4494,upper limb,
4495,upper limb,
4496,upper limb,
4497,upper limb,
4498,upper limb,
4499,upper limb,
4500,upper limb,
4501,upper limb,
4502,upper limb,
4503,upper limb,
4504,upper limb,
4505,upper limb,
4506,upper limb,
4507,upper limb,
4508,upper limb,
4509,upper limb,
4510,upper limb,
4511,upper limb,
4512,upper limb,
4513,upper limb,
4514,upper limb,
4515,upper limb,
4516,upper limb,
4517,upper limb,
4518,,
4519,,
4520,,
4521,,
4522,,
4523,,
4524,,
4525,,
4526,,
4527,,
4528,,
4529,,
4530,,
4531,,
4532,,
4533,,
4534,,
4535,,
4536,,
4537,,
4538,,
4539,,
4540,,
4541,,
4542,,
4543,,
4544,,
4545,,
4546,,
4547,,
4548,,
4549,,
4550,,
4551,,
4552,,
4553,,
4554,,
4555,,
4556,,
4557,,
4558,,
4559,,
4560,,
4561,,
4562,,
4563,,
4564,,
4565,,
4566,,
4567,upper limbs,
4568,upper limbs,
4569,upper limbs,
4570,upper limbs,
4571,upper limbs,
4572,upper limbs,
4573,upper limbs,
4574,upper limbs,
4575,upper limbs,
4576,upper limbs,
4577,upper limbs,
4578,upper limbs,
4579,upper limbs,
4580,upper limbs,
4581,upper limbs,
4582,upper limbs,
4583,upper limbs,
4584,upper limbs,
4585,upper limbs,
4586,upper limbs,
4587,upper limbs,
4588,upper limbs,
4589,upper limbs,
4590,upper limbs,
4591,upper limbs,
4592,upper limbs,
4593,upper limbs,
4594,upper limbs,
4595,upper limbs,
4596,upper limbs,
4597,,
4598,,
4599,,
4600,,
4601,,
4602,,
4603,,
4604,,
4605,,
4606,,
4607,,
4608,,
4609,,
4610,,
4611,,
4612,,
4613,,
4614,,
4615,,
4616,,
4617,,
4618,,
4619,,
4620,,
4621,,
4622,,
4623,,
4624,,
4625,,
4626,,
4627,,
4628,,
4629,,
4630,,
4631,,
4632,,
4633,,
4634,,
4635,,
4636,,
4637,,
4638,,
4639,,
4640,,
4641,,
4642,,
4643,,
4644,,
4645,,
4646,,
4647,,
4648,,
4649,,
4650,,
4651,,
4652,,
4653,,
4654,,
4655,,
4656,,
4657,,
4658,,
4659,,
4660,,
4661,,
4662,,
4663,,
4664,,
4665,,
4666,,
4667,,
4668,,
4669,,
4670,,
4671,,
4672,,
4673,,
4674,,
4675,,
4676,,
4677,hands,
4678,hands,
4679,hands,
4680,hands,
4681,hands,
4682,hands,
4683,hands,
4684,hands,
4685,hands,
4686,hands,
4687,hands,
4688,hands,
4689,hands,
4690,hands,
4691,hands,
4692,hands,
4693,hands,
4694,hands,
4695,hands,
4696,hands,
4697,hands,
4698,hands,
4699,,
4700,,
4701,,
4702,,
4703,,
4704,,
4705,hands,
4706,hands,
4707,,
4708,,
4709,,
4710,,
4711,,
4712,,
4713,,
4714,,
4715,,
4716,,
4717,,
4718,,
4719,,
4720,,
4721,,
4722,,
4723,,
4724,,
4725,,
4726,,
4727,,
4728,,
4729,,
4730,,
4731,,
4732,,
4733,,
4734,,
4735,,
4736,,
4737,,
4738,,
4739,,
4740,,
4741,,
4742,,
4743,hand,
4744,hand,
4745,hand,
4746,hand,
4747,hand,
4748,hand,
4749,hand,
4750,hand,
4751,hand,
4752,hand,
4753,hand,
4754,hand,
4755,hand,
4756,hand,
4757,hand,
4758,hand,
4759,hand,
4760,hand,
4761,hand,
4762,hand,
4763,hand,
4764,hand,
4765,hand,
4766,hand,
4767,,
4768,,
4769,,
4770,,
4771,,
4772,,
4773,,
4774,,
4775,,
4776,,
4777,,
4778,,
4779,,
4780,,
4781,,
4782,,
4783,,
4784,,
4785,,
4786,,
4787,,
4788,,
4789,,
4790,,
4791,,
4792,,
4793,,
4794,,
4795,,
4796,,
4797,,
4798,,
4799,,
4800,,
4801,,
4802,,
4803,,
4804,,
4805,,
4806,,
4807,,
4808,,
4809,,
4810,,
4811,,
4812,,
4813,,
4814,,
4815,,
4816,,
4817,,
4818,,
4819,,
4820,,
4821,,
4822,,
4823,,
4824,,
4825,,
4826,,
4827,,
4828,,
4829,,
4830,,
4831,,
4832,,
4833,,
4834,,
4835,upper lip,
4836,upper lip,
4837,upper lip,
4838,upper lip,
4839,upper lip,
4840,upper lip,
4841,upper lip,
4842,upper lip,
4843,upper lip,
4844,upper lip,
4845,upper lip,
4846,upper lip,
4847,upper lip,
4848,upper lip,
4849,upper lip,
4850,upper lip,
4851,upper lip,
4852,upper lip,
4853,upper lip,
4854,upper lip,
4855,upper lip,
4856,upper lip,
4857,upper lip,
4858,upper lip,
4859,upper lip,
4860,upper lip,
4861,upper lip,
4862,upper lip,
4863,upper lip,
4864,upper lip,
4865,,
4866,,
4867,,
4868,upper lip,
4869,upper lip,
4870,upper lip,
4871,upper lip,
4872,upper lip,
4873,upper lip,
4874,upper lip,
4875,upper lip,
4876,upper lip,
4877,upper lip,
4878,upper lip,
4879,upper lip,
4880,upper lip,
4881,upper lip,
4882,,
4883,,
4884,,
4885,,
4886,,
4887,,
4888,,
4889,,
4890,,
4891,orbits,
4892,orbits,
4893,orbits,
4894,orbits,
4895,orbits,
4896,orbits,
4897,orbits,
4898,orbits,
4899,orbits,
4900,orbits,
4901,orbits,
4902,orbits,
4903,orbits,
4904,orbits,
4905,orbits,
4906,orbits,
4907,orbits,
4908,orbits,
4909,orbits,
4910,orbits,
4911,orbits,
4912,,
4913,,
4914,,
4915,,
4916,,
4917,,
4918,,
4919,,
4920,,
4921,,
4922,,
4923,,
4924,,
4925,,
4926,,
4927,,
4928,,
4929,,
4930,,
4931,,
4932,,
4933,,
4934,,
4935,,
4936,,
4937,,
4938,,
4939,,
4940,,
4941,,
4942,,
4943,,
4944,,
4945,,
4946,,
4947,,
4948,,
4949,,
4950,,
4951,,
4952,,
4953,,
4954,,
4955,,
4956,,
4957,,
4958,,
4959,,
4960,,
4961,,
4962,,
4963,,
4964,,
4965,,
4966,,
4967,,
4968,,
4969,,
4970,,
4971,,
4972,,
4973,,
4974,,
4975,,
4976,,
4977,,
4978,,
4979,,
4980,,
4981,profile,
4982,profile,
4983,profile,
4984,profile,
4985,profile,
4986,profile,
4987,profile,
4988,profile,
4989,profile,
4990,profile,
4991,profile,
4992,profile,
4993,profile,
4994,profile,
4995,profile,
4996,profile,
4997,profile,
4998,profile,
4999,profile,
5000,profile,
5001,profile,
5002,profile,
5003,profile,
5004,profile,
5005,profile,
5006,profile,
5007,profile,
5008,profile,
5009,profile,
5010,profile,
5011,,
5012,,
5013,,
5014,,
5015,,
5016,,
5017,,
5018,,
5019,,
5020,,
5021,,
5022,,
5023,,
5024,,
5025,,
5026,,
5027,,
5028,,
5029,,
5030,,
5031,,
5032,,
5033,,
5034,,
5035,,
5036,,
5037,,
5038,,
5039,profile,
5040,profile,
5041,profile,
5042,profile,
5043,profile,
5044,profile,
5045,profile,
5046,profile,
5047,profile,
5048,profile,
5049,profile,
5050,profile,
5051,profile,
5052,profile,
5053,profile,
5054,profile,
5055,profile,
5056,profile,
5057,profile,
5058,profile,
5059,profile,
5060,profile,
5061,profile,
5062,profile,
5063,profile,
5064,profile,
5065,profile,
5066,profile,
5067,profile,
5068,profile,
5069,,
5070,,
5071,,
5072,,
5073,,
5074,,
5075,,
5076,,
5077,,
5078,,
5079,,
5080,,
5081,,
5082,,
5083,,
5084,,
5085,,
5086,,
5087,,
5088,,
5089,,
5090,,
5091,,
5092,,
5093,,
5094,,
5095,,
5096,,
5097,,
5098,,
5099,,
5100,,
5101,,
5102,,
5103,,
5104,,
5105,,
5106,,
5107,,
5108,,
5109,,
5110,,
5111,,
5112,,
5113,,
5114,,
5115,,
5116,,
5117,,
5118,,
5119,,
5120,,
5121,,
5122,,
5123,,
5124,,
5125,,
5126,,
5127,,
5128,,
5129,,
5130,,
5131,,
5132,,
5133,,
5134,,
5135,,
5136,,
5137,,
5138,,
5139,,
5140,,
5141,,
5142,,
5143,,
5144,,
5145,,
5146,,
5147,,
5148,,
5149,,
5150,,
5151,,
5152,,
5153,,
5154,,
5155,,
5156,,
5157,,
5158,,
5159,,
5160,,
5161,,
5162,,
5163,,
5164,,
5165,,
5166,,
5167,,
5168,,
5169,,
5170,,
5171,,
5172,,
5173,,
5174,,
5175,,
5176,,
5177,,
5178,,
5179,,
5180,,
5181,,
5182,,
5183,,
5184,,
5185,,
5186,,
5187,,
5188,,
5189,,
5190,,
5191,,
5192,,
5193,,
5194,,
5195,,
5196,,
5197,,
5198,,
5199,,
5200,,
5201,,
5202,,
5203,,
5204,,
5205,,
5206,,
5207,,
5208,,
5209,,
5210,,
5211,,
5212,,
5213,,
5214,,
5215,,
5216,,
5217,,
5218,,
5219,,
5220,,
5221,,
5222,,
5223,,
5224,,
5225,,
5226,,
5227,,
5228,,
5229,,
5230,,
5231,,
5232,,
5233,,
5234,,
5235,,
5236,,
5237,,
5238,,
5239,,
5240,,
5241,,
5242,,
5243,,
5244,,
5245,,
5246,,
5247,,
5248,,
5249,,
5250,,
5251,,
5252,,
5253,,
5254,,
5255,,
5256,,
5257,,
5258,,
5259,,
5260,,
5261,,
5262,,
5263,orbits,
5264,orbits,
5265,orbits,
5266,orbits,
5267,orbits,
5268,orbits,
5269,orbits,
5270,orbits,
5271,orbits,
5272,orbits,
5273,orbits,
5274,orbits,
5275,orbits,
5276,orbits,
5277,orbits,
5278,orbits,
5279,orbits,
5280,orbits,
5281,orbits,
5282,orbits,
5283,orbits,
5284,orbits,
5285,orbits,
5286,orbits,
5287,orbits,
5288,orbits,
5289,orbits,
5290,orbits,
5291,orbits,
5292,orbits,
5293,,
5294,,
5295,,
5296,,
5297,,
5298,,
5299,,
5300,orbits,
5301,orbits,
5302,orbits,
5303,orbits,
5304,orbits,
5305,orbits,
5306,orbits,
5307,orbits,
5308,orbits,
5309,orbits,
5310,orbits,
5311,orbits,
5312,orbits,
5313,orbits,
5314,orbits,
5315,orbits,
5316,orbits,
5317,orbits,
5318,orbits,
5319,orbits,
5320,orbits,
5321,orbits,
5322,orbits,
5323,orbits,
5324,orbits,
5325,orbits,
5326,orbits,
5327,orbits,
5328,orbits,
5329,orbits,
5330,,
5331,,
5332,,
5333,,
5334,,
5335,,
5336,,
5337,,
5338,,
5339,,
5340,,
5341,,
5342,,
5343,,
5344,,
5345,,
5346,,
5347,,
5348,,
5349,,
5350,,
5351,,
5352,,
5353,,
5354,,
5355,,
5356,,
5357,,
5358,,
5359,,
5360,,
5361,,
5362,,
5363,,
5364,,
5365,,
5366,,
5367,,
5368,,
5369,,
5370,,
5371,,
5372,,
5373,,
5374,,
5375,,
5376,,
5377,,
5378,,
5379,,
5380,,
5381,,
5382,,
5383,,
5384,,
5385,,
5386,,
5387,,
5388,,
5389,,
5390,,
5391,,
5392,,
5393,,
5394,,
5395,,
5396,,
5397,,
5398,,
5399,,
5400,,
5401,,
5402,,
5403,,
5404,,
5405,,
5406,,
5407,,
5408,,
5409,,
5410,,
5411,,
5412,,
5413,,
5414,,
5415,,
5416,,
5417,,
5418,,
5419,,
5420,,
5421,,
5422,,
5423,,
5424,,
5425,,
5426,,
5427,,
5428,,
5429,,
5430,,
5431,,
5432,,
5433,,
5434,,
5435,,
5436,,
5437,,
5438,,
5439,,
5440,,
5441,,
5442,,
5443,,
5444,,
5445,,
5446,,
5447,,
5448,,
5449,,
5450,,
5451,,
5452,,
5453,,
5454,,
5455,,
5456,,
5457,,
5458,,
5459,,
5460,,
5461,,
5462,,
5463,,
5464,,
5465,,
5466,,
5467,,
5468,,
5469,,
5470,,
5471,,
5472,,
5473,,
5474,,
5475,,
5476,,
5477,,
5478,,
5479,,
5480,,
5481,,
5482,,
5483,,
5484,,
5485,,
5486,,
5487,,
5488,,
5489,,
5490,,
5491,,
5492,,
5493,,
5494,,
5495,,
5496,,
5497,,
5498,,
5499,,
5500,,
5501,,
5502,,
5503,,
5504,,
5505,,
5506,,
5507,,
5508,,
5509,,
5510,,
5511,,
5512,,
5513,,
5514,,
5515,,
5516,,
5517,,
5518,,
5519,,
5520,,
5521,,
5522,,
5523,,
5524,,
5525,,
5526,,
5527,,
5528,,
5529,,
5530,,
5531,,
5532,,
5533,,
5534,,
5535,,
5536,,
5537,,
5538,,
5539,,
5540,,
5541,,
5542,,
5543,,
5544,,
5545,,
5546,,
5547,,
5548,,
5549,,
5550,,
5551,,
5552,,
5553,,
5554,,
5555,,
5556,,
5557,,
5558,,
5559,,
5560,,
5561,,
5562,,
5563,,
5564,,
5565,,
5566,,
5567,,
5568,,
5569,,
5570,,
5571,,
5572,,
5573,,
5574,,
5575,,
5576,,
5577,,
5578,,
5579,,
5580,,
5581,,
5582,,
5583,,
5584,,
5585,,
5586,,
5587,,
5588,,
5589,,
5590,,
5591,,
5592,,
5593,,
5594,,
5595,,
5596,,
5597,,
5598,,
5599,,
5600,,
5601,,
5602,,
5603,,
5604,,
5605,,
5606,,
5607,,
5608,,
5609,,
5610,,
5611,,
5612,,
5613,,
5614,,
5615,,
5616,,
5617,,
5618,,
5619,,
5620,,
5621,,
5622,,
5623,,
5624,,
5625,,
5626,,
5627,,
5628,,
5629,,
5630,,
5631,,
5632,,
5633,,
5634,,
5635,,
5636,,
5637,,
5638,,
5639,,
5640,,
5641,,
5642,,
5643,,
5644,,
5645,,
5646,,
5647,,
5648,,
5649,,
5650,,
5651,,
5652,,
5653,,
5654,,
5655,,
5656,,
5657,,
5658,,
5659,,
5660,,
5661,,
5662,,
5663,,
5664,,
5665,,
5666,,
5667,,
5668,,
5669,,
5670,,
5671,,
5672,,
5673,,
5674,,
5675,,
5676,,
5677,,
5678,,
5679,,
5680,,
5681,,
5682,,
5683,,
5684,,
5685,,
5686,,
5687,,
5688,,
5689,,
5690,,
5691,,
5692,,
5693,,
5694,,
5695,,
5696,,
5697,,
5698,,
5699,,
5700,,
5701,,
5702,,
5703,,
5704,,
5705,,
5706,,
5707,,
5708,4 chambers heart,
5709,4 chambers heart,
5710,4 chambers heart,
5711,4 chambers view,
5712,4 chambers view,
5713,4 chambers view,
5714,4 chambers view,
5715,4 chambers view,
5716,4 chambers view,
5717,4 chambers view,
5718,4 chambers view,
5719,4 chambers view,
5720,4 chambers view,
5721,4 chambers view,
5722,4 chambers view,
5723,4 chambers view,
5724,4 chambers view,
5725,4 chambers view,
5726,4 chambers view,
5727,4 chambers view,
5728,4 chambers view,
5729,4 chambers view,
5730,4 chambers view,
5731,4 chambers view,
5732,4 chambers view,
5733,4 chambers view,
5734,three vessels view,
5735,three vessels view,
5736,three vessels view,
5737,three vessels view,
5738,three vessels view,
5739,three vessels view,
5740,three vessels view,
5741,three vessels view,
5742,three vessels view,
5743,three vessels view,
5744,three vessels view,
5745,three vessels view,
5746,three vessels view,
5747,three vessels view,
5748,three vessels view,
5749,three vessels view,
5750,three vessels view,
5751,three vessels view,
5752,three vessels view,
5753,three vessels view,
5754,three vessels view,
5755,three vessels view,
5756,three vessels view,
5757,three vessels view,
5758,three vessels view,
5759,three vessels view,
5760,three vessels view,
5761,three vessels view,
5762,three vessels view,
5763,three vessels view,
5764,,
5765,,
5766,,
5767,,
5768,,
5769,,
5770,,
5771,,
5772,,
5773,,
5774,,
5775,,
5776,,
5777,,
5778,,
5779,,
5780,,
5781,,
5782,,
5783,,
5784,,
5785,,
5786,,
5787,,
5788,4 chambers view doppler,
5789,4 chambers view doppler,
5790,4 chambers view doppler,
5791,4 chambers view doppler,
5792,4 chambers view doppler,
5793,4 chambers view doppler,
5794,4 chambers view doppler,
5795,4 chambers view doppler,
5796,4 chambers view doppler,
5797,4 chambers view doppler,
5798,4 chambers view doppler,
5799,4 chambers view doppler,
5800,4 chambers view doppler,
5801,4 chambers view doppler,
5802,4 chambers view doppler,
5803,4 chambers view doppler,
5804,4 chambers view doppler,
5805,4 chambers view doppler,
5806,4 chambers view doppler,
5807,4 chambers view doppler,
5808,4 chambers view doppler,
5809,4 chambers view doppler,
5810,4 chambers view doppler,
5811,4 chambers view doppler,
5812,4 chambers view doppler,
5813,4 chambers view doppler,
5814,4 chambers view doppler,
5815,4 chambers view doppler,
5816,4 chambers view doppler,
5817,4 chambers view doppler,
5818,,
5819,,
5820,,
5821,,
5822,,
5823,,
5824,,
5825,,
5826,,
5827,,
5828,,
5829,,
5830,,
5831,,
5832,,
5833,,
5834,,
5835,,
5836,,
5837,,
5838,,
5839,,
5840,,
5841,,
5842,,
5843,,
5844,,
5845,,
5846,,
5847,,
5848,,
5849,,
5850,,
5851,,
5852,,
5853,,
5854,,
5855,,
5856,,
5857,,
5858,,
5859,,
5860,,
5861,,
5862,,
5863,,
5864,,
5865,,
5866,,
5867,,
5868,,
5869,,
5870,,
5871,,
5872,,
5873,,
5874,,
5875,,
5876,,
5877,,
5878,,
5879,,
5880,,
5881,,
5882,,
5883,,
5884,,
5885,,
5886,,
5887,,
5888,,
5889,,
5890,,
5891,,
5892,,
5893,,
5894,,
5895,,
5896,,
5897,,
5898,,
5899,,
5900,,
5901,,
5902,,
5903,,
5904,,
5905,,
5906,,
5907,,
5908,,
5909,,
5910,,
5911,,
5912,,
5913,,
5914,,
5915,,
5916,,
5917,,
5918,,
5919,,
5920,,
5921,,
5922,,
5923,,
5924,,
5925,,
5926,,
5927,,
5928,,
5929,,
5930,,
5931,,
5932,,
5933,,
5934,,
5935,,
5936,,
5937,,
5938,,
5939,,
5940,,
5941,,
5942,,
5943,,
5944,,
5945,,
5946,,
5947,,
5948,,
5949,,
5950,,
5951,,
5952,,
5953,,
5954,,
5955,,
5956,,
5957,,
5958,,
5959,,
5960,,
5961,,
5962,,
5963,,
5964,,
5965,,
5966,,
5967,,
5968,,
5969,,
5970,,
5971,,
5972,,
5973,,
5974,,
5975,,
5976,,
5977,,
5978,,
5979,,
5980,,
5981,,
5982,,
5983,,
5984,,
5985,,
5986,,
5987,,
5988,,
5989,,
5990,,
5991,,
5992,,
5993,,
5994,,
5995,,
5996,,
5997,,
5998,,
5999,,
6000,,
6001,,
6002,,
6003,,
6004,,
6005,,
6006,,
6007,,
6008,,
6009,,
6010,,
6011,,
6012,,
6013,,
6014,,
6015,,
6016,,
6017,cord,
6018,cord,
6019,cord,
6020,cord,
6021,cord,
6022,cord,
6023,cord,
6024,cord,
6025,cord,
6026,cord,
6027,cord,
6028,cord,
6029,cord,
6030,cord,
6031,cord,
6032,cord,
6033,cord,
6034,cord,
6035,cord,
6036,cord,
6037,cord,
6038,cord,
6039,cord,
6040,cord,
6041,cord,
6042,cord,
6043,cord,
6044,cord,
6045,cord,
6046,cord,
6047,,
6048,,
6049,,
6050,,
6051,,
6052,,
6053,,
6054,,
6055,,
6056,,
6057,,
6058,,
6059,,
6060,,
6061,,
6062,,
6063,,
6064,,
6065,,
6066,,
6067,,
6068,,
6069,,
6070,,
6071,,
6072,,
6073,,
6074,,
6075,,
6076,,
6077,,
6078,,
6079,,
6080,,
6081,,
6082,,
6083,,
6084,,
6085,,
6086,,
6087,,
6088,,
6089,,
6090,,
6091,,
6092,,
6093,,
6094,,
6095,,
6096,,
6097,,
6098,,
6099,,
6100,,
6101,,
6102,,
6103,,
6104,,
6105,,
6106,,
6107,,
6108,,
6109,,
6110,,
6111,,
6112,,
6113,,
6114,,
6115,,
6116,,
6117,,
6118,,
6119,,
6120,,
6121,,
6122,,
6123,,
6124,,
6125,,
6126,,
6127,,
6128,,
6129,,
6130,,
6131,,
6132,,
6133,,
6134,,
6135,,
6136,,
6137,,
6138,,
6139,,
6140,,
6141,,
6142,,
6143,,
6144,,
6145,,
6146,,
6147,,
6148,,
6149,,
6150,,
6151,,
6152,,
6153,,
6154,,
6155,,
6156,,
6157,,
6158,,
6159,,
6160,,
6161,,
6162,,
6163,,
6164,,
6165,,
6166,,
6167,,
6168,,
6169,,
6170,,
6171,,
6172,,
6173,,
6174,,
6175,,
6176,,
6177,,
6178,,
6179,,
6180,,
6181,,
6182,,
6183,,
6184,,
6185,,
6186,,
6187,,
6188,,
6189,,
6190,,
6191,,
6192,,
6193,,
6194,,
6195,,
6196,,
6197,,
6198,,
6199,,
6200,,
6201,,
6202,,
6203,,
6204,placenta cervix distance,
6205,placenta cervix distance,
6206,placenta cervix distance,
6207,placenta cervix distance,
6208,placenta cervix distance,
6209,placenta cervix distance,
6210,placenta cervix distance,
6211,placenta cervix distance,
6212,placenta cervix distance,
6213,placenta cervix distance,
6214,placenta cervix distance,
6215,placenta cervix distance,
6216,placenta cervix distance,
6217,placenta cervix distance,
6218,placenta cervix distance,
6219,placenta cervix distance,
6220,placenta cervix distance,
6221,placenta cervix distance,
6222,placenta cervix distance,
6223,placenta cervix distance,
6224,placenta cervix distance,
6225,placenta cervix distance,
6226,placenta cervix distance,
6227,placenta cervix distance,
6228,placenta cervix distance,
6229,placenta cervix distance,
6230,placenta cervix distance,
6231,placenta cervix distance,
6232,placenta cervix distance,
6233,placenta cervix distance,
6234,,
6235,,
6236,,
6237,,
6238,,
6239,,
6240,,
6241,,
6242,,
6243,,
6244,,
6245,,
6246,,
6247,,
6248,,
6249,,
6250,,
6251,,
6252,,
6253,,
6254,,
6255,,
6256,,
6257,,
6258,,
6259,,
6260,,
6261,,
6262,,
6263,,
6264,,
6265,,
6266,,
6267,,
6268,,
6269,,
6270,,
6271,,
6272,,
6273,,
6274,,
6275,,
6276,,
6277,,
6278,,
6279,,
6280,,
6281,,
6282,,
6283,,
6284,,
6285,,
6286,,
6287,,
6288,,
6289,,
6290,,
6291,,
6292,,
6293,,
6294,,
6295,,
6296,,
6297,,
6298,,
6299,,
6300,,
6301,,
6302,,
6303,,
6304,,
6305,,
6306,,
6307,,
6308,,
6309,,
6310,,
6311,,
6312,,
6313,,
6314,,
6315,,
6316,,
6317,,
6318,,
6319,,
6320,,
6321,,
6322,,
6323,,
6324,,
6325,,
6326,,
6327,,
6328,,
6329,,
6330,,
6331,,
6332,,
6333,,
6334,,
6335,,
6336,,
6337,,
6338,,
6339,,
6340,,
6341,,
6342,,
6343,,
6344,,
6345,,
6346,,
6347,,
6348,,
6349,,
6350,,
6351,,
6352,,
6353,,
6354,,
6355,,
6356,,
6357,,
6358,,
6359,,
6360,,
6361,,
6362,,
6363,,
6364,,
6365,,
6366,,
6367,,
6368,,
6369,,
6370,,
6371,,
6372,,
6373,,
6374,,
6375,,
6376,,
6377,,
6378,,
6379,,
6380,,
6381,,
6382,right uterine artery,
6383,right uterine artery,
6384,right uterine artery,
6385,right uterine artery,
6386,right uterine artery,
6387,right uterine artery,
6388,right uterine artery,
6389,right uterine artery,
6390,right uterine artery,
6391,right uterine artery,
6392,right uterine artery,
6393,right uterine artery,
6394,right uterine artery,
6395,right uterine artery,
6396,right uterine artery,
6397,right uterine artery,
6398,right uterine artery,
6399,right uterine artery,
6400,right uterine artery,
6401,right uterine artery,
6402,right uterine artery,
6403,right uterine artery,
6404,right uterine artery,
6405,right uterine artery,
6406,right uterine artery,
6407,right uterine artery,
6408,right uterine artery,
6409,right uterine artery,
6410,right uterine artery,
6411,right uterine artery,
6412,,
6413,,
6414,,
6415,,
6416,,
6417,,
6418,,
6419,,
6420,,
6421,,
6422,,
6423,,
6424,,
6425,,
6426,,
6427,,
6428,,
6429,,
6430,,
6431,,
6432,,
6433,,
6434,,
6435,,
6436,,
6437,,
6438,,
6439,,
6440,,
6441,,
6442,,
6443,,
6444,,
6445,,
6446,,
6447,,
6448,,
6449,,
6450,,
6451,,
6452,,
6453,,
6454,,
6455,,
6456,,
6457,,
6458,,
6459,,
6460,,
6461,,
6462,,
6463,,
6464,,
6465,,
6466,,
6467,,
6468,,
6469,,
6470,,
6471,,
6472,,
6473,,
6474,,
6475,,
6476,,
6477,,
6478,,
6479,,
6480,,
6481,,
6482,,
6483,,
6484,,
6485,,
6486,,
6487,,
6488,,
6489,,
6490,,
6491,,
6492,,
6493,,
6494,,
6495,,
6496,,
6497,,
6498,,
6499,,
6500,,
6501,,
6502,,
6503,,
6504,,
6505,,
6506,,
6507,,
6508,,
6509,,
6510,,
6511,,
6512,,
6513,,
6514,,
6515,,
6516,,
6517,,
6518,,
6519,,
6520,,
6521,,
6522,,
6523,,
6524,,
6525,,
6526,,
6527,,
6528,,
6529,,
6530,,
6531,,
6532,,
6533,,
6534,,
6535,,
6536,,
6537,,
6538,,
6539,,
6540,,
6541,,
6542,,
6543,,
6544,,
6545,,
6546,,
6547,,
6548,,
6549,,
6550,,
6551,,
6552,,
6553,,
6554,,
6555,,
6556,,
6557,,
6558,,
6559,,
6560,,
6561,,
6562,,
6563,,
6564,,
6565,,
6566,,
6567,,
6568,,
6569,,
6570,,
6571,,
6572,,
6573,,
6574,,
6575,,
6576,,
6577,,
6578,,
6579,,
6580,,
6581,,
6582,,
6583,,
6584,,
6585,,
6586,,
6587,,
6588,,
6589,,
6590,,
6591,,
6592,,
6593,,
6594,,
6595,,
6596,,
6597,,
6598,,
6599,,
6600,,
6601,,
6602,,
6603,,
6604,,
6605,,
6606,,
6607,,
6608,,
6609,,
6610,,
6611,,
6612,,
6613,,
6614,,
6615,,
6616,,
6617,,
6618,,
6619,,
6620,,
6621,,
6622,,
6623,,
6624,,
6625,,
6626,,
6627,,
6628,,
6629,,
6630,,
6631,,
6632,,
6633,,
6634,,
6635,,
6636,,
6637,,
6638,,
6639,,
6640,,
6641,,
6642,,
6643,,
6644,,
6645,,
6646,,
6647,,
6648,,
6649,,
6650,,
6651,,
6652,left uterine artery,
6653,left uterine artery,
6654,left uterine artery,
6655,left uterine artery,
6656,left uterine artery,
6657,left uterine artery,
6658,left uterine artery,
6659,left uterine artery,
6660,left uterine artery,
6661,left uterine artery,
6662,left uterine artery,
6663,left uterine artery,
6664,left uterine artery,
6665,left uterine artery,
6666,left uterine artery,
6667,left uterine artery,
6668,left uterine artery,
6669,left uterine artery,
6670,left uterine artery,
6671,left uterine artery,
6672,left uterine artery,
6673,left uterine artery,
6674,left uterine artery,
6675,left uterine artery,
6676,left uterine artery,
6677,left uterine artery,
6678,left uterine artery,
6679,left uterine artery,
6680,left uterine artery,
6681,left uterine artery,
6682,,
6683,,
6684,,
6685,,
6686,,
6687,,
6688,,
6689,,
6690,,
6691,,
6692,,
6693,,
6694,,
6695,,
6696,,
6697,,
6698,,
6699,,
6700,,
6701,,
6702,,
6703,,
6704,,
6705,,
6706,,
6707,,
6708,,
6709,,
6710,,
6711,,
6712,,
6713,,
6714,,
6715,,
6716,,
6717,,
6718,,
6719,,
6720,,
6721,,
6722,,
6723,,
6724,,
6725,,
6726,,
6727,,
6728,,
6729,,
6730,,
6731,,
6732,,
6733,,
6734,,
6735,,
6736,,
6737,,
6738,,
6739,,
6740,,
6741,,
6742,,
6743,,
6744,,
6745,,
6746,,
6747,,
6748,,
6749,,
6750,,
6751,,
6752,,
6753,,
6754,,
6755,,
6756,,
6757,,
6758,,
6759,,
6760,,
6761,,
6762,,
6763,,
6764,,
6765,,
6766,,
6767,,
6768,,
6769,,
6770,,
6771,,
6772,,
6773,,
6774,,
6775,,
6776,,
6777,,
6778,,
6779,,
6780,,
6781,,
6782,,
6783,,
6784,,
6785,,
6786,,
6787,,
6788,,
6789,,
6790,,
6791,,
6792,,
6793,,
6794,,
6795,,
6796,,
6797,,
6798,,
6799,,
6800,,
6801,,
6802,,
6803,,
6804,,
6805,,
6806,,
6807,,
6808,,
6809,,
6810,,
6811,,
6812,,
6813,,
6814,,
6815,,
6816,,
6817,,
6818,,
6819,,
6820,,
6821,,
6822,,
6823,,
6824,,
6825,heart activity,
6826,heart activity,
6827,heart activity,
6828,heart activity,
6829,heart activity,
6830,heart activity,
6831,heart activity,
6832,heart activity,
6833,heart activity,
6834,heart activity,
6835,heart activity,
6836,heart activity,
6837,heart activity,
6838,heart activity,
6839,heart activity,
6840,heart activity,
6841,heart activity,
6842,heart activity,
6843,heart activity,
6844,heart activity,
6845,heart activity,
6846,heart activity,
6847,heart activity,
6848,heart activity,
6849,heart activity,
6850,heart activity,
6851,heart activity,
6852,heart activity,
6853,heart activity,
6854,heart activity,
6855,,
6856,,
6857,,
6858,,
6859,,
6860,,
6861,,
6862,,
6863,,
6864,,
