Category,Item
Heart including,4 chambers view
Heart including,4 chambers heart
Heart including,4 chambers view with doppler
Heart including,4 chambers view doppler
Heart including,4 chambers with doppler
Heart including,right outflow tract
Heart including,left outflow tract
Heart including,three vessels view
Heart including,three vessels with doppler
Heart including,three vessels view with doppler
Heart including,3 vessels view
Heart including,heart 4 chambers
Heart including,heart right outflow tract
Heart including,heart right outflow
Heart including,heart interventricular septum
Heart including,pulmonary veins
Heart including,left outflow tract with doppler
Heart including,right outflow tract with doppler
Heart including,vessels with doppler
Heart including,aorta
Heart including,4 pulmonary veins
Heart including,pulmonary vein
Heart including,pulmonary artery doppler
Heart including,outflow tract with doppler
Heart including,heart activity
Abdomen,abdomen
Abdomen,abdominal circumference
Abdomen,stomach
Abdomen,intestine echogenicity
Abdomen,intestine
Abdomen,diaphragm
Abdomen,right diaphragm
Abdomen,left diaphragm
Arms,upper limbs
Arms,upper limb
Arms,humerus
Bladder including Doppler,bladder
Brain with Skull Head and Neck,head circumference
Brain with Skull Head and Neck,cerebellum
Brain with Skull Head and Neck,cerebellum plane
Brain with Skull Head and Neck,cerebellum cisterna magna and nuchal fold measurement
Brain with Skull Head and Neck,fetal head
Brain with Skull Head and Neck,posterior ventricle
Brain with Skull Head and Neck,corpus callosum
Brain with Skull Head and Neck,ear
Brain with Skull Head and Neck,choroid plexus
Brain with Skull Head and Neck,transventricular plane
Brain with Skull Head and Neck,transventricular plane head circumference
Brain with Skull Head and Neck,transventricular view head circumference
Brain with Skull Head and Neck,head base images
Brain with Skull Head and Neck,plane head circumference
Brain with Skull Head and Neck,head
Brain with Skull Head and Neck,transventricular plane posterior ventricle
Brain with Skull Head and Neck,middle cerebral artery doppler
Brain with Skull Head and Neck,transventricular plane bpd and hc
Brain with Skull Head and Neck,posterior horn of lateral ventricle
Brain with Skull Head and Neck,sagittal view corpus callosum vermis
Profile,profile
Feet,feet
Feet,foot
Femur,femur
Femur,femur length
Genitals,genitals
Genitals,genital
Hands,hands
Hands,hand
Kidneys,kidneys
Kidneys,kidney
Kidneys,renal
Kidneys,renal arteries
Kidneys,kidneys coronal view
Kidneys,kidneys transverse view
Kidneys,kidneys transversal view
Kidneys,kidney sagittal view
Kidneys,kidneys corderse view
Kidneys,kidney coronal view
Kidneys,kidneys vessels
Kidneys,kidneys parasagittal view
Kidneys,kidneys axial view
Kidneys,kidneys sagittal view
Legs,lower limbs
Legs,lower limb
Maternal Anatomy including Doppler,right uterine artery
Maternal Anatomy including Doppler,left uterine artery
Nose and Lips,noselips
Nose and Lips,upper lip
Umbilical Cord Insertion,cord
Umbilical Cord Insertion,cord insertion
Umbilical Cord Insertion,cord insertion on placenta
Umbilical Cord Insertion,cord cord on placenta
Umbilical Cord Insertion,cord on placenta
Umbilical Cord Insertion,umbilical doppler
Top Head with Eyes and Nose,tongue
Top Head with Eyes and Nose,palate
Top Head with Eyes and Nose,orbits and eyelenses
Top Head with Eyes and Nose,orbits
Top Head with Eyes and Nose,orbit
Placenta,placenta
Placenta,placenta cervix distance
Placenta,distance placenta cervix
Situs,situs
Situs,situs stomach and heart apex on the left
Spine,spine
Amniotic fluid,amniotic fluid
